file_name,paragraph_count,table_count,heading_count,heading_preview
Submission_Build_v2.8/01_Product_QMS/Other/Uroflow_Data_Management_Plan_v1.0_EN.docx,47,0,14,"1. Purpose and scope | 2. Systems and data sources | 3. Subject identifiers and pseudonymization | 4. Data structure and dictionary | 5. Data entry and transfer processes | 5.1 EDC data entry | 5.2 App data transfer | 6. Data quality control | 7. Missing data and deviations | 8. Security, access and audit trail | 9. Backups and disaster recovery | 10. Database lock and closeout"
Submission_Build_v2.8/01_Product_QMS/Other/Uroflow_Data_Management_Plan_v1.0_RU.docx,47,0,14,"1. Цель и область применения | 2. Системы и источники данных | 3. Идентификация и псевдонимизация | 4. Структура данных и словарь | 5. Процессы ввода и передачи данных | 5.1. Ввод данных в EDC | 5.2. Передача данных от приложения | 6. Контроль качества данных | 7. Обработка пропусков и отклонений | 8. Безопасность, доступ и аудит | 9. Резервное копирование и восстановление | 10. Заморозка и закрытие базы данных"
Submission_Build_v2.8/01_Product_QMS/Other/Uroflow_IFU_Draft_v1.0_EN.docx,54,0,10,1. Intended use | 2. Limitations | 3. Device requirements | 4. Preparation | 5. Measurement procedure (Universal water-impact mode) | 6. Measurement quality (Quality score) | 7. Review and export | 8. Privacy and data | 9. Troubleshooting | 10. Technical specifications (reference)
Submission_Build_v2.8/01_Product_QMS/Other/Uroflow_IFU_Draft_v1.0_RU.docx,54,0,10,1. Назначение | 2. Ограничения применения | 3. Требования к устройству | 4. Подготовка | 5. Выполнение измерения (универсальный режим «в воду») | 6. Оценка качества (Quality score) | 7. Просмотр и экспорт результата | 8. Конфиденциальность и данные | 9. Устранение неполадок | 10. Технические характеристики (для справки)
Submission_Build_v2.8/01_Product_QMS/Other/Uroflow_IntendedUse_Claims_ByRegion_v1.0_RU.docx,72,1,19,"1. Цель документа | 2. Общее описание изделия (ядро, общее для всех регионов) | 3. Стратегия claims («лестница») | 3.1 Claim Set A - базовый (рекомендован для первичной регистрации/запуска) | 3.2 Claim Set B - описательный паттерн кривой (опционально) | 3.3 Claim Set C - decision support (не включать в стартовый scope) | 4. Intended use (общая базовая формулировка) | 4.1 RU (для РФ) | 4.2 EN (универсальная для ЕС/США и как основа для перевода) | 5. Элементы маркировки/ограничения (обязательные для IFU) | 6. Региональные claim‑наборы (Claim Set A - стартовый) | Россия (РФ)"
Submission_Build_v2.8/01_Product_QMS/Other/Uroflow_Labeling_Claims_Alignment_v1.0_RU.docx,29,2,9,1. Назначение | 2. Базовый scope (Claim Set A) | 3. Библиотека утвержденных фраз (UI/Report/Marketing) | 3.1 UI - экран результата | 3.2 UI - предупреждения | 3.3 Отчет (PDF) | 3.4 Маркетинг/описание в сторе | 4. Чек‑лист согласования перед релизом | 5. Управление изменениями
Submission_Build_v2.8/01_Product_QMS/Other/Uroflow_PMCF_Plan_v1.0_RU.docx,42,1,12,1. Цель | 2. Обоснование необходимости PMCF | 3. Цели PMCF | 4. Дизайн PMCF | 4.1 Компонент A: наблюдательное клиническое исследование (real‑world) | 4.2 Компонент B: сбор обратной связи клиницистов и usability | 4.3 Компонент C: мониторинг дрейфа производительности по данным PMS | 5. Популяция и выборка | 6. Анализ данных | 7. Управление изменениями | 8. Отчётность | 9. Этические и правовые аспекты
Submission_Build_v2.8/01_Product_QMS/Other/Uroflow_PSUR_Template_v1.0_RU.docx,29,1,8,1. Идентификация изделия | 2. Резюме результатов PMS | 3. Данные о продажах/использовании | 4. Жалобы и инциденты | 5. FSCA/корректирующие действия | 6. Тренд‑анализ и сигналы безопасности | 7. Обновление benefit–risk | 8. Выводы и план действий
Submission_Build_v2.8/01_Product_QMS/Other/Uroflow_Quality_Score_Calibration_Protocol_v1.0_RU.docx,31,1,7,1. Назначение | 2. Референсная «истина» для качества | 3. Выбор набора для калибровки | 4. Метрики калибровки и целевые требования | 5. Процедура подбора порогов | 6. Артефакт‑контроли и UI‑поведение | 7. Выходные артефакты
Submission_Build_v2.8/01_Product_QMS/Other/Uroflow_Regulatory_Appendices_v1.0.docx,60,0,8,"1. Краткое описание изделия и intended use | 2. Общий пакет доказательств (сквозной для регионов) | 3. США (FDA): классификация и досье | 4. ЕС (MDR 2017/745): Rule 11 и техническая документация | 5. Россия (Росздравнадзор): регистрация, клинические испытания, данные | 6. Китай (NMPA): SaMD, измерительная функция, доказательства | 7. Регуляторные «guardrails» для claims и UX | 8. Приложение: чек‑листы досье (по регионам)"
Submission_Build_v2.8/01_Product_QMS/Other/Uroflow_Site_Initiation_Visit_Agenda_v1.0_RU.docx,19,2,5,Цель SIV | Участники | Материалы к SIV | Повестка (пример) | Чек‑лист готовности (SIV output)
Submission_Build_v2.8/01_Product_QMS/Other/Uroflow_Software_System_VV_Plan_v1.0_EN.docx,32,1,15,1. Purpose | 2. Scope | 3. Standards and guidance (reference list) | 4. V&V approach overview | 5. Test levels and artifacts | 5.1 Reviews | 5.2 Unit and integration testing | 5.3 System testing (functional) | 5.4 Performance testing (analytical) | 5.5 Clinical validation | 5.6 Usability/HFE validation | 5.7 Cybersecurity verification
Submission_Build_v2.8/01_Product_QMS/Other/Uroflow_Software_System_VV_Report_v1.0_EN.docx,33,2,16,1. Summary | 2. Release identification | 3. Scope | 4. Verification results | 4.1 Requirements and design reviews | 4.2 Unit / integration testing | 4.3 System functional testing | 5. Validation results | 5.1 Bench analytical validation | 5.2 Clinical validation | 5.3 Usability/HFE validation | 5.4 Cybersecurity validation
Submission_Build_v2.8/01_Product_QMS/Uroflow_Acceptance_Criteria_Lock_Record_v1.0_EN.docx,16,2,4,1. Source documents | 2. Locked thresholds (release v1.0) | 3. Change rules | 4. Approval (signatures)
Submission_Build_v2.8/01_Product_QMS/Uroflow_Acceptance_Criteria_Lock_Record_v1.0_RU.docx,16,2,4,1. Источник критериев | 2. Зафиксированные пороги (релиз v1.0) | 3. Правила изменения критериев | 4. Утверждение (подписи)
Submission_Build_v2.8/01_Product_QMS/Uroflow_Acceptance_Criteria_v1.0_RU.docx,22,4,7,"1. Назначение | 2. Определения | 3. Гейт качества (Quality Score, QS) | 4. Gate G0 - готовность к пилоту (обычно 1 площадка) | 5. Gate G1 - готовность к пивот‑КИ (мульти‑площадки) | 6. Gate G2 - гейт релиза (готовность к выпуску) | 7. Управление отклонениями"
Submission_Build_v2.8/01_Product_QMS/Uroflow_Claims_Lock_Record_v1.0_EN.docx,24,2,5,1. Intended use (baseline wording) | 2. Excluded claims (release v1.0) | 3. Claim Set A - regional wording | 4. Linked controlled documents | 5. Approval (signatures)
Submission_Build_v2.8/01_Product_QMS/Uroflow_Claims_Lock_Record_v1.0_RU.docx,28,2,9,"1. Intended use (единая базовая формулировка) | 2. Исключенные утверждения (релиз v1.0) | 3. Claim Set A – формулировки по регионам | 3.1 Россия (РФ) | 3.2 Европейский Союз (ЕС, MDR) | 3.3 США (US FDA) | 3.4 Китай (КНР, NMPA) | 4. Связанные контролируемые документы | 5. Утверждение (подписи)"
Submission_Build_v2.8/01_Product_QMS/Uroflow_Freeze_Procedure_Dataset_Model_QS_v1.0_EN.docx,42,3,8,1. Purpose | 2. Freeze objects | 3. Freeze triggers | 4. Preconditions | 5. Freeze workflow | 6. Checkpoints and records | 7. Prohibited actions | Appendix A. Freeze checklist
Submission_Build_v2.8/01_Product_QMS/Uroflow_Freeze_Procedure_Dataset_Model_QS_v1.0_RU.docx,42,3,8,1. Цель | 2. Объекты заморозки | 3. Триггеры заморозки | 4. Предусловия | 5. Процесс заморозки (workflow) | 6. Контрольные точки и записи | 7. Запреты и ограничения | Приложение A. Чек-лист заморозки (сводный)
Submission_Build_v2.8/01_Product_QMS/Uroflow_QMS_DesignControls_Execution_Pack_v1.0_RU.docx,59,4,14,1. Назначение | 2. Область применения | 3. Роли и ответственность (RACI) | 4. Иерархия документов QMS | 5. Управление документами и записями (Document & Record Control) | 6. План разработки и дизайн‑контроль (Design and Development Plan) | 6.1 Этапы и дизайн‑ревью | 6.2 Design Inputs (зафиксированные требования) | 6.3 Design Outputs (артефакты проекта) | 7. Верификация и валидация (V&V) | 8. Управление изменениями (Change Control) | 9. CAPA и жалобы
Submission_Build_v2.8/01_Product_QMS/Uroflow_QMS_SOP_Pack_v1.0_RU.docx,124,13,15,"Введение | Список SOP | SOP-QMS-001 - Управление документами (Document Control) | SOP-QMS-002 - Управление записями (Record Control) | SOP-QMS-003 - Управление изменениями (Change Control, включая ML) | SOP-QMS-004 - Несоответствия и CAPA | SOP-QMS-005 - Работа с обращениями/жалобами | SOP-QMS-006 - Управление поставщиками (Supplier Management) | SOP-QMS-007 - Обучение и компетенции | SOP-QMS-008 - Постмаркетинговый надзор (PMS) | SOP-RISK-001 - Управление рисками (ISO 14971) | SOP-SW-001 - SDLC для SaMD/ML (IEC 62304-aligned)"
Submission_Build_v2.8/01_Product_QMS/Uroflow_Residual_Risk_and_BenefitRisk_v1.0_RU.docx,24,1,6,1. Контекст и предпосылки | 2. Клиническая польза (benefit) | 3. Остаточные риски (residual risks) | 3.1 Ключевые остаточные риски категории B (ALARP) | 4. Анализ польза–риск | 5. Заключение
Submission_Build_v2.8/01_Product_QMS/Uroflow_Risk_Management_Plan_ISO14971_v1.0_RU.docx,65,2,0,
Submission_Build_v2.8/01_Product_QMS/Uroflow_Risk_Management_Report_ISO14971_v1.0_RU.docx,28,1,8,1. Резюме | 2. Объект оценки | 3. Использованные входные данные | 4. Итоги по управлению рисками | 5. Проверка мер управления | 6. Оценка остаточного риска и вывод | 7. Дальнейшие действия (до релиза и после) | 8. Утверждение
Submission_Build_v2.8/01_Product_QMS/Uroflow_Smartphone_Design_Controls_Pack_v1.0.docx,55,6,14,1. Контроль документа | 2. Цель и область применения | 3. Intended use и ограничения заявлений | 4. Нормативные и методические ориентиры | 5. Hazard Analysis (кратко) | 6. Матрица трассируемости требований (RTM) | 7. План верификации и тест-кейсы (основной набор) | 7.1. Матрица тестов | 8. Risk Management (FMEA) | 9. Контроль изменений и релиз-менеджмент | 9.1. ML-модель: правила обновления | 10. Постмаркет (PMS) и мониторинг качества
Submission_Build_v2.8/01_Product_QMS/Uroflow_Software_Release_and_Update_Policy_v1.0_RU.docx,65,1,13,1. Цель | 2. Область применения | 3. Версионирование | 4. Типы релизов | 5. Release Governance (гейты) | 6. Acceptance Gates (обязательные проверки) | 6.1 Технические тесты | 6.2 ML/Алгоритм | 6.3 Безопасность | 6.4 Usability/HFE | 7. Политика обновления ML-моделей | 8. Распространение релизов
Submission_Build_v2.8/01_Product_QMS/Uroflow_Software_System_VV_Report_Pilot_Freeze_v1.0_EN.docx,20,4,6,1. Scope and version under validation | 2. Reference documents | 3. Execution summary (evidence table) | 4. Deviations and unresolved anomalies | 5. Conclusion | Sign-off
Submission_Build_v2.8/01_Product_QMS/Uroflow_Software_System_VV_Report_Pilot_Freeze_v1.0_RU.docx,20,4,6,1. Область и версия | 2. Ссылочные документы | 3. Сводка выполненных работ (evidence table) | 4. Отклонения и нерешенные аномалии | 5. Вывод | Подписи
Submission_Build_v2.8/02_Algorithm_and_ML/Uroflow_CoreML_Model_Input_Contract_v1.0.docx,64,4,9,1. Цель и принципы | 2. Потоки данных и синхронизация | 3. Признаки на шаге 100 мс (feature frames) | 4. Model A: Event/Quality (stateful) | 5. Model B: Q(t)+σ (stateful) | 6. Пост‑процессинг и вычисление параметров | 7. JSON‑контракт результата сессии | 8. Версионирование и совместимость | 9. Тестирование контракта (обязательные проверки)
Submission_Build_v2.8/02_Algorithm_and_ML/Uroflow_ML_Training_Pipeline_Spec_v1.0.docx,39,0,17,ML Training & Validation Pipeline Specification | 1. Обзор системы и целей обучения | 2. Источники данных | 3. Структура данных и хранение | 4. Разметка (annotation) и требования к качеству ground truth | 5. Разделение на train/val/test | 6. Препроцессинг и извлечение признаков | 7. Архитектуры моделей и функции потерь | 7.1. Model A: event + quality | 7.2. Model B: Q(t) + uncertainty | 8. Sensor fusion и калибровка домена | 9. Аугментации
Submission_Build_v2.8/02_Algorithm_and_ML/Uroflow_Smartphone_Algorithm_Spec_v1.1_Fusion_CoreML.docx,53,11,19,"1. Цель и область применения | 2. Входы, выходы и частоты | 3. Синхронизация потоков данных | 4. Препроцессинг и признаки | 4.1 Audio features | 4.2 Video features (ROI воды) | 4.3 Depth/Geometry features | 5. Двухмодельная архитектура (рекомендуется) | 5.1 Model A: Event segmentation + Quality | 5.2 Model B: Flow regression + uncertainty | 6. Sensor fusion: математическая схема (вариант B2) | 7. Физический фильтр и ограничения"
Submission_Build_v2.8/03_Data_Golden_Dataset/Uroflow_Annotation_SOP_QA_v1.0.docx,90,5,14,1. Область применения | 2. Термины и сокращения | 3. Роли и ответственность | 4. Входные данные и структура записи | 5. Приватность и безопасность данных | 6. Инструменты аннотации | 7. Аннотируемые сущности (что размечаем) | 8. Правила определения t_start и t_end по Q_ref(t) | 9. Интермиттирующий поток и сегменты | 10. Артефакты и контекстные факторы | 11. Процесс аннотации (пошагово) | 12. QA и контроль качества
Submission_Build_v2.8/03_Data_Golden_Dataset/Uroflow_Dataset_Card_Template_v1.0_RU.docx,41,1,10,Dataset Card | 1. Идентификаторы | 2. Назначение и рекомендуемое использование | 3. Состав датасета | 4. Как собирались данные | 5. Разметка | 6. Контроль качества (QA) | 7. Приватность и ограничения | 8. Сплиты и leakage‑контроль | 9. Ссылки на артефакты
Submission_Build_v2.8/03_Data_Golden_Dataset/Uroflow_Golden_Dataset_Acquisition_SOP_v1.0_RU.docx,46,1,10,"1. Цель | 2. Роли и ответственность | 3. Оборудование и ПО | 4. Условия приватности | 5. Позиционирование iPhone (универсальный режим 'в воду') | 6. Синхронизация во времени (обязательное требование) | 7. Проведение записи | 8. Выгрузка и структура хранения | 9. QA проверки (на площадке, ежедневно) | 10. Отклонения и инциденты"
Submission_Build_v2.8/03_Data_Golden_Dataset/Uroflow_Golden_Dataset_Daily_QA_SOP_v1.0_EN.docx,27,3,7,1. Purpose | 2. Inputs and outputs | 3. Frequency and roles | 4. Automated checks (required) | 5. Manual review (sampling) | 6. CAPA triggers | 7. Daily Brief
Submission_Build_v2.8/03_Data_Golden_Dataset/Uroflow_Golden_Dataset_Daily_QA_SOP_v1.0_RU.docx,27,3,7,1. Цель | 2. Входы и выходы | 3. Частота и роли | 4. Автоматические проверки (обязательные) | 5. Ручной контроль (обязательная выборка) | 6. Триггеры CAPA | 7. Ежедневный отчет (Daily Brief)
Submission_Build_v2.8/03_Data_Golden_Dataset/Uroflow_Golden_Dataset_Plan_v1.0_RU.docx,92,1,17,1. Назначение | 2. Область применения | 3. Термины и определения | 4. Цели датасета | 5. Требуемое покрытие (состав и разнообразие) | 6. Требования к эталонному урофлоуметру | 7. Требования к записи iPhone | 8. Синхронизация и выравнивание по времени | 9. Разметка и метки | 9.1 Клинический эталон | 9.2 Протокол и условия | 9.3 Артефакты и качество
Submission_Build_v2.8/03_Data_Golden_Dataset/Uroflow_Smartphone_Algorithm_and_Dataset_Spec_v1.0.docx,116,3,25,1. Назначение документа | 2. Область применения и ограничения | 3. Термины и обозначения | 4. Конвейер системы (обзор) | 5. Сбор сенсоров и синхронизация времени | 6. Приватность и область анализа (ROI) | 7. Позиционирование и нормализация геометрии | 8. Предобработка и признаки | 8.1 Audio pipeline | 8.2 Video pipeline (ROI воды) | 8.3 Geometry/IMU features | 9. Модель A: детекция события и качество
Submission_Build_v2.8/04_Bench_Testing/Uroflow_Bench_SOP_BOM_v0.2.docx,59,1,18,Стендовые испытания: SOP + механика + BOM варианты | 1. Цель стенда и область применения | 2. Выходные сигналы и требования к эталону | 3. Архитектура стенда | 4. Механика и компоновка | 4.1. Рекомендуемые габариты | 4.2. Брызгозащита и защита электроники | 5. Варианты комплектации (Low/Mid/High) | 6. Электроника и соединения | 7. Калибровка | 7.1. Калибровка весового канала | 7.2. Плотность и температура
Submission_Build_v2.8/04_Bench_Testing/Uroflow_Bench_SOP_BOM_v1.0.docx,76,3,16,1. Назначение и область применения | 2. Краткая архитектура стенда | 3. Измерительные каналы и ключевые формулы | 4. Состав стенда (BOM) - кратко | 5. Сборка стенда | 5.1 Механическая часть | 5.2 Электроника и логирование | 6. Калибровка | 6.1 Калибровка весового канала (m(t)) | 6.2 Калибровка генератора потока | 6.3 Проверка синхронизации | 7. Процедура испытания (один прогон)
Submission_Build_v2.8/05_Clinical/Uroflow_Clinical_Monitoring_Plan_v1.0_EN.docx,57,0,14,1. Purpose and scope | 2. Roles and responsibilities | 3. Monitoring approach | 3.1 Critical study elements | 4. Types of monitoring visits | 5. Frequency and extent | 6. Source Data Verification (SDV) | 6.1 Mandatory SDV (100%) | 6.2 Sampling SDV | 7. Protocol deviations and CAPA | 8. Site training | 9. Monitoring reports
Submission_Build_v2.8/05_Clinical/Uroflow_Clinical_Monitoring_Plan_v1.0_RU.docx,57,0,14,1. Цель и область применения | 2. Определения и роли | 3. Подход к мониторингу | 3.1. Критические элементы | 4. Виды мониторинговых визитов | 5. Частота и объем мониторинга | 6. Source Data Verification (SDV) | 6.1. Обязательный SDV (100%) | 6.2. Выборочный SDV | 7. Управление отклонениями | 8. Обучение персонала | 9. Мониторинговые отчеты
Submission_Build_v2.8/05_Clinical/Uroflow_Clinical_Pilot_Site_Startup_Package_v1.0_RU.docx,62,1,15,1. Назначение | 2. Критерии выбора площадки | 3. Пакет на этику/IRB (чек-лист) | 4. Рекрутинг (пилот) | 4.1 Источники | 4.2 Скрипт приглашения (краткий) | 5. Подготовка персонала и обучение | 6. On-site SOP (одна процедура измерения) | 6.1 Перед началом | 6.2 Позиционирование телефона (AR-мастер) | 6.3 Запись и завершение | 6.4 Экспорт данных референса
Submission_Build_v2.8/05_Clinical/Uroflow_Clinical_Protocol_v1.0_EN.docx,99,3,35,1. Administrative information | 2. Abbreviations and definitions | 3. Background and objectives | 3.1 Background | 3.2 Objectives | 4. Endpoints | 4.1 Primary endpoints | 4.2 Secondary endpoints | 5. Study design | 5.1 Reference method | 5.2 Index test (smartphone app) | 6. Study population
Submission_Build_v2.8/05_Clinical/Uroflow_Clinical_Protocol_v1.0_RU.docx,101,3,36,1. Общая информация | 2. Сокращения и определения | 3. Обоснование и цели | 3.1. Обоснование | 3.2. Цели | 4. Конечные точки | 4.1. Первичные конечные точки | 4.2. Вторичные конечные точки | 5. Дизайн исследования | 5.1. Референсный метод | 5.2. Индексный тест (приложение) | 6. Популяция исследования
Submission_Build_v2.8/05_Clinical/Uroflow_CSR_Authoring_Guide_v1.0_EN.docx,37,0,6,1. Purpose | 2. Inputs and dependencies | 3. Recommended CSR writing workflow | 4. Endpoint reporting checklist | 5. Suggested language for limitations | 6. QC and audit readiness
Submission_Build_v2.8/05_Clinical/Uroflow_CSR_Authoring_Guide_v1.0_RU.docx,37,0,6,1. Цель | 2. Входные документы | 3. Рекомендуемый процесс подготовки CSR | 4. Чек-лист по конечным точкам | 5. Типовые формулировки ограничений | 6. QC и готовность к аудиту
Submission_Build_v2.8/05_Clinical/Uroflow_CSR_Template_v1.0.docx,82,4,38,Document Control | Confidentiality statement | Table of Contents | List of Tables and Figures | Abbreviations | 1. Synopsis (Синопсис) | 2. Ethics and Regulatory Compliance | 3. Administrative Structure | 4. Introduction | 5. Objectives and Endpoints | 5.1 Primary objective | 5.2 Endpoints
Submission_Build_v2.8/05_Clinical/Uroflow_CSR_Template_v1.1_AUTOFILL.docx,103,4,39,Document Control | Confidentiality statement | Table of Contents | List of Tables and Figures | Abbreviations | 1. Synopsis (Синопсис) | 2. Ethics and Regulatory Compliance | 3. Administrative Structure | 4. Introduction | 5. Objectives and Endpoints | 5.1 Primary objective | 5.2 Endpoints
Submission_Build_v2.8/05_Clinical/Uroflow_CSR_Template_v1.1_AUTOFILL_RU.docx,103,4,39,Document Control | Confidentiality statement | Table of Contents | List of Tables and Figures | Abbreviations | 1. Synopsis (Синопсис) | 2. Ethics and Regulatory Compliance | 3. Administrative Structure | 4. Introduction | 5. Objectives and Endpoints | 5.1 Primary objective | 5.2 Endpoints
Submission_Build_v2.8/05_Clinical/Uroflow_Ethics_Submission_Cover_Letter_v1.0_RU.docx,38,1,5,Сопроводительное письмо | Краткое описание исследования | Оценка рисков и меры снижения | Конфиденциальность и данные | Прилагаемые документы
Submission_Build_v2.8/05_Clinical/Uroflow_ICF_PIS_v1.0_EN.docx,47,1,14,1. Invitation to participate | 2. Purpose of the study | 3. Why you have been invited | 4. What will happen if you take part | 5. What data will be collected | 6. Audio and video | 7. Risks and inconveniences | 8. Benefits | 9. Voluntary participation and withdrawal | 10. Confidentiality | 11. Contacts | 12. Informed Consent Form
Submission_Build_v2.8/05_Clinical/Uroflow_ICF_PIS_v1.0_RU.docx,47,1,14,"1. Приглашение к участию | 2. Цель исследования | 3. Почему вы приглашены | 4. Что будет, если вы согласитесь | 5. Какие данные будут собираться | 6. Аудио и видео | 7. Риски и неудобства | 8. Польза | 9. Добровольность участия и отказ | 10. Конфиденциальность | 11. Контакты | 12. Форма информированного согласия"
Submission_Build_v2.8/05_Clinical/Uroflow_P0_Pilot_Readiness_DR2_GoNoGo_v1.0_RU.docx,37,5,9,1. Цель документа | 2. Область применения | 3. Участники и подписи | 4. Заморозка конфигурации пилота (Pilot Freeze) | 5. Чек-лист готовности (Gate G0) | 6. Решение Go/No-Go | 7. Связанные доказательства (Evidence Pack) | Приложение A: Чек-лист дня запуска (Day 1) | Приложение B: Контактные лица
Submission_Build_v2.8/05_Clinical/Uroflow_Pilot_Config_Freeze_Record_v1.0_RU.docx,16,4,5,1. Назначение | 2. Версии и идентификаторы | 3. Поддерживаемые устройства и условия | 4. Пороги Quality Score (QS) и правила вывода результатов | 5. Подписи
Submission_Build_v2.8/05_Clinical/Uroflow_Pilot_Daily_Brief_Template_v1.0_EN.docx,22,5,7,1. General information | 2. Recruitment and participant flow | 3. Data and quality | 4. Issues and deviations | 5. Corrective actions (CAPA / preventive) | 6. Plan for next day | Sign-off
Submission_Build_v2.8/05_Clinical/Uroflow_Pilot_Daily_Brief_Template_v1.0_RU.docx,22,5,7,1. Общая информация | 2. Рекрутинг и поток участников | 3. Данные и качество | 4. Проблемы и отклонения | 5. Корректирующие действия (CAPA / preventive) | 6. План на следующий день | Подписи
Submission_Build_v2.8/05_Clinical/Uroflow_Pilot_DryRun_End2End_Report_v1.0_RU.docx,20,5,6,1. Цель | 2. Условия и исходные данные | 3. Шаги dry run и результаты | 4. Сгенерированные артефакты dry run | 5. Вывод и действия | 6. Подписи
Submission_Build_v2.8/05_Clinical/Uroflow_Pilot_Execution_Runbook_v1.0_EN.docx,58,3,12,1. Purpose and scope | 2. Key definitions | 3. Roles and responsibilities | 4. Start-of-day prerequisites | 4.1 Opening checklist | 5. Measurement procedure – step-by-step | 6. Re-test rules | 7. Daily operational QA | 8. Deviations and incidents | 9. End-of-day closeout | Appendix A. record_id coding | Appendix B. Minimum file set per record_id
Submission_Build_v2.8/05_Clinical/Uroflow_Pilot_Execution_Runbook_v1.0_RU.docx,59,3,12,1. Назначение и область применения | 2. Ключевые определения | 3. Роли и ответственность | 4. Предварительные условия до старта дня | 4.1 Чек-лист открытия смены | 5. Выполнение измерения – пошагово | 6. Правила повторения измерения (re-test) | 7. Ежедневная QA проверка данных (операционная) | 8. Обработка отклонений и инцидентов | 9. Закрытие дня | Приложение A. Стандартизированное кодирование record_id | Приложение B. Минимальный набор файлов на один record_id
Submission_Build_v2.8/05_Clinical/Uroflow_Recruitment_Materials_v1.0_RU.docx,21,1,4,1. Флаер/объявление (текст) | 2. Скрипт звонка (короткий) | 3. SMS/мессенджер (варианты) | 4. Скрипт информирования перед согласием (ключевые пункты)
Submission_Build_v2.8/05_Clinical/Uroflow_SAP_MethodComparison_v1.0.docx,97,3,28,0. Контроль версий и утверждение | 1. Область применения и контекст | 2. Цели исследования и гипотезы | 2.1. Основная цель | 2.2. Вторичные цели | 2.3. Формулировка гипотез | 3. Описание изделия и референсного метода | 4. Популяции анализа и наборы данных | 4.1. Единица анализа | 4.2. Наборы данных (analysis sets) | 4.3. Критерии качества и правила браковки | 5. Конечные точки и расчёт параметров
Submission_Build_v2.8/05_Clinical/Uroflow_Smartphone_Design_Clinical_Package_v1.0.docx,43,2,8,1. Data Dictionary для приложения и клинического исследования | 1.1. Условные обозначения | 1.2. Таблица полей (полная) | 2. Шаблон клинического отчёта (PDF) и текст для маркировки | 2.1. Страница 1: обязательные блоки | 2.2. Рекомендуемые формулировки предупреждений | 3. Requirements Traceability Matrix (RTM) | Приложение A. Глоссарий
Submission_Build_v2.8/06_EU_MDR/Annex_II_III_Submission_Folder/1_Device_Description/Uroflow_EU_MDR_Device_Description_and_Specification_v1.0_EN.docx,32,1,6,1. Device identification | 2. Device overview | 3. Components and configuration | 4. Measurement outputs and specifications | 5. Clinical and technical limitations | 6. Accessories and interoperability
Submission_Build_v2.8/06_EU_MDR/Annex_II_III_Submission_Folder/1_Device_Description/Uroflow_EU_MDR_Technical_Documentation_AnnexII_III_Pack_v1.0_EN.docx,56,0,13,1. Purpose and scope | 2. Intended use and claims guardrails | 3. Recommended Technical Documentation folder structure | 4. Annex II content map | 4.1 Device description and specification | 4.2 Information supplied by the manufacturer | 4.3 Design and manufacturing information | 4.4 GSPR checklist (Annex I) | 4.5 Risk management | 4.6 Product verification and validation | 5. Annex III content map | 6. EU-specific software documentation notes
Submission_Build_v2.8/06_EU_MDR/Annex_II_III_Submission_Folder/2_Information_Supplied/Uroflow_IFU_Draft_v1.0_EN.docx,54,0,10,1. Intended use | 2. Limitations | 3. Device requirements | 4. Preparation | 5. Measurement procedure (Universal water-impact mode) | 6. Measurement quality (Quality score) | 7. Review and export | 8. Privacy and data | 9. Troubleshooting | 10. Technical specifications (reference)
Submission_Build_v2.8/06_EU_MDR/Annex_II_III_Submission_Folder/2_Information_Supplied/Uroflow_IFU_Draft_v1.0_RU.docx,54,0,10,1. Назначение | 2. Ограничения применения | 3. Требования к устройству | 4. Подготовка | 5. Выполнение измерения (универсальный режим «в воду») | 6. Оценка качества (Quality score) | 7. Просмотр и экспорт результата | 8. Конфиденциальность и данные | 9. Устранение неполадок | 10. Технические характеристики (для справки)
Submission_Build_v2.8/06_EU_MDR/Annex_II_III_Submission_Folder/2_Information_Supplied/Uroflow_Labeling_Claims_Alignment_v1.0_RU.docx,29,2,9,1. Назначение | 2. Базовый scope (Claim Set A) | 3. Библиотека утвержденных фраз (UI/Report/Marketing) | 3.1 UI - экран результата | 3.2 UI - предупреждения | 3.3 Отчет (PDF) | 3.4 Маркетинг/описание в сторе | 4. Чек‑лист согласования перед релизом | 5. Управление изменениями
Submission_Build_v2.8/06_EU_MDR/Annex_II_III_Submission_Folder/3_Design_and_Manufacturing/Uroflow_EU_MDR_Design_and_Manufacturing_Information_v1.0_EN.docx,40,0,7,1. Overview | 2. Design controls and lifecycle | 3. Software development environment | 4. Configuration management | 5. Third-party software (SoUP) | 6. Distribution and installation | 7. Maintenance and post-market updates
Submission_Build_v2.8/06_EU_MDR/Annex_II_III_Submission_Folder/3_Design_and_Manufacturing/Uroflow_EU_MDR_Software_Architecture_Description_v1.0_EN.docx,50,0,7,1. Software overview | 2. System context | 3. High-level architecture | 4. Data flow (logical) | 5. Cybersecurity and privacy architecture | 6. SoUP inventory and controls | 7. References to controlled documents
Submission_Build_v2.8/06_EU_MDR/Annex_II_III_Submission_Folder/3_Design_and_Manufacturing/Uroflow_QMS_DesignControls_Execution_Pack_v1.0_RU.docx,59,4,14,1. Назначение | 2. Область применения | 3. Роли и ответственность (RACI) | 4. Иерархия документов QMS | 5. Управление документами и записями (Document & Record Control) | 6. План разработки и дизайн‑контроль (Design and Development Plan) | 6.1 Этапы и дизайн‑ревью | 6.2 Design Inputs (зафиксированные требования) | 6.3 Design Outputs (артефакты проекта) | 7. Верификация и валидация (V&V) | 8. Управление изменениями (Change Control) | 9. CAPA и жалобы
Submission_Build_v2.8/06_EU_MDR/Annex_II_III_Submission_Folder/3_Design_and_Manufacturing/Uroflow_QMS_SOP_Pack_v1.0_RU.docx,124,13,15,"Введение | Список SOP | SOP-QMS-001 - Управление документами (Document Control) | SOP-QMS-002 - Управление записями (Record Control) | SOP-QMS-003 - Управление изменениями (Change Control, включая ML) | SOP-QMS-004 - Несоответствия и CAPA | SOP-QMS-005 - Работа с обращениями/жалобами | SOP-QMS-006 - Управление поставщиками (Supplier Management) | SOP-QMS-007 - Обучение и компетенции | SOP-QMS-008 - Постмаркетинговый надзор (PMS) | SOP-RISK-001 - Управление рисками (ISO 14971) | SOP-SW-001 - SDLC для SaMD/ML (IEC 62304-aligned)"
Submission_Build_v2.8/06_EU_MDR/Annex_II_III_Submission_Folder/3_Design_and_Manufacturing/Uroflow_Software_Release_and_Update_Policy_v1.0_RU.docx,65,1,13,1. Цель | 2. Область применения | 3. Версионирование | 4. Типы релизов | 5. Release Governance (гейты) | 6. Acceptance Gates (обязательные проверки) | 6.1 Технические тесты | 6.2 ML/Алгоритм | 6.3 Безопасность | 6.4 Usability/HFE | 7. Политика обновления ML-моделей | 8. Распространение релизов
Submission_Build_v2.8/06_EU_MDR/Annex_II_III_Submission_Folder/5_Risk_Management/Uroflow_Residual_Risk_and_BenefitRisk_v1.0_RU.docx,24,1,6,1. Контекст и предпосылки | 2. Клиническая польза (benefit) | 3. Остаточные риски (residual risks) | 3.1 Ключевые остаточные риски категории B (ALARP) | 4. Анализ польза–риск | 5. Заключение
Submission_Build_v2.8/06_EU_MDR/Annex_II_III_Submission_Folder/5_Risk_Management/Uroflow_Risk_Management_Plan_ISO14971_v1.0_RU.docx,65,2,0,
Submission_Build_v2.8/06_EU_MDR/Annex_II_III_Submission_Folder/5_Risk_Management/Uroflow_Risk_Management_Report_ISO14971_v1.0_RU.docx,28,1,8,1. Резюме | 2. Объект оценки | 3. Использованные входные данные | 4. Итоги по управлению рисками | 5. Проверка мер управления | 6. Оценка остаточного риска и вывод | 7. Дальнейшие действия (до релиза и после) | 8. Утверждение
Submission_Build_v2.8/06_EU_MDR/Annex_II_III_Submission_Folder/6_Verification_and_Validation/Uroflow_Bench_SOP_BOM_v1.0.docx,76,3,16,1. Назначение и область применения | 2. Краткая архитектура стенда | 3. Измерительные каналы и ключевые формулы | 4. Состав стенда (BOM) - кратко | 5. Сборка стенда | 5.1 Механическая часть | 5.2 Электроника и логирование | 6. Калибровка | 6.1 Калибровка весового канала (m(t)) | 6.2 Калибровка генератора потока | 6.3 Проверка синхронизации | 7. Процедура испытания (один прогон)
Submission_Build_v2.8/06_EU_MDR/Annex_II_III_Submission_Folder/6_Verification_and_Validation/Uroflow_Clinical_Protocol_v1.0_EN.docx,99,3,35,1. Administrative information | 2. Abbreviations and definitions | 3. Background and objectives | 3.1 Background | 3.2 Objectives | 4. Endpoints | 4.1 Primary endpoints | 4.2 Secondary endpoints | 5. Study design | 5.1 Reference method | 5.2 Index test (smartphone app) | 6. Study population
Submission_Build_v2.8/06_EU_MDR/Annex_II_III_Submission_Folder/6_Verification_and_Validation/Uroflow_Cybersecurity_Engineering_File_v1.0_RU.docx,59,1,15,1. Цель | 2. Границы системы и допущения | 3. Активы и классификация данных | 4. Архитектура и потоки данных | 5. Моделирование угроз (Threat Modeling) | 6. Требования к безопасности (Security Requirements) | 6.1 Защита данных на устройстве | 6.2 Безопасность передачи данных | 6.3 Целостность модели и обновлений | 6.4 Защита от компрометации среды | 6.5 Управление зависимостями и SBOM | 7. Верификация и валидация безопасности
Submission_Build_v2.8/06_EU_MDR/Annex_II_III_Submission_Folder/6_Verification_and_Validation/Uroflow_EU_MDR_Clinical_Evaluation_Plan_CEP_v1.0_EN.docx,36,1,18,1. Purpose | 2. Device identification and description | 2.1 Device name and configuration | 2.2 Intended purpose and target population | 2.3 Clinical benefits and clinical questions | 3. Clinical evaluation scope and classification assumptions | 4. State of the art and background | 5. Clinical data sources | The clinical evaluation will be based on the following clinical data sources: | 6. Literature search strategy | 7. Equivalence considerations | 8. Clinical investigation plan
Submission_Build_v2.8/06_EU_MDR/Annex_II_III_Submission_Folder/6_Verification_and_Validation/Uroflow_EU_MDR_Clinical_Evaluation_Report_CER_v1.0_EN.docx,37,1,18,"0. Executive summary | 1. Device description | 1.1 Device overview | 1.2 Intended purpose and clinical claims | 1.3 Indications, contraindications, and limitations | 2. Clinical evaluation methodology | 2.1 Data sources and appraisal | 3. State of the art | 4. Clinical data | 4.1 Bench/analytical performance | 4.2 Clinical investigation results | 4.3 Literature review summary"
Submission_Build_v2.8/06_EU_MDR/Annex_II_III_Submission_Folder/6_Verification_and_Validation/Uroflow_EU_MDR_Literature_Search_Protocol_LSP_v1.0_EN.docx,27,1,13,1. Objective | 2. Research questions | 3. Databases and sources | 4. Search strategy | 4.1 Timeframe and languages | 4.2 Core search strings (examples) | 5. Inclusion / exclusion criteria | 5.1 Inclusion | 5.2 Exclusion | 6. Screening and selection process | 7. Data extraction fields | 8. Quality appraisal
Submission_Build_v2.8/06_EU_MDR/Annex_II_III_Submission_Folder/6_Verification_and_Validation/Uroflow_Golden_Dataset_Acquisition_SOP_v1.0_RU.docx,46,1,10,"1. Цель | 2. Роли и ответственность | 3. Оборудование и ПО | 4. Условия приватности | 5. Позиционирование iPhone (универсальный режим 'в воду') | 6. Синхронизация во времени (обязательное требование) | 7. Проведение записи | 8. Выгрузка и структура хранения | 9. QA проверки (на площадке, ежедневно) | 10. Отклонения и инциденты"
Submission_Build_v2.8/06_EU_MDR/Annex_II_III_Submission_Folder/6_Verification_and_Validation/Uroflow_Golden_Dataset_Plan_v1.0_RU.docx,92,1,17,1. Назначение | 2. Область применения | 3. Термины и определения | 4. Цели датасета | 5. Требуемое покрытие (состав и разнообразие) | 6. Требования к эталонному урофлоуметру | 7. Требования к записи iPhone | 8. Синхронизация и выравнивание по времени | 9. Разметка и метки | 9.1 Клинический эталон | 9.2 Протокол и условия | 9.3 Артефакты и качество
Submission_Build_v2.8/06_EU_MDR/Annex_II_III_Submission_Folder/6_Verification_and_Validation/Uroflow_HFE_Summative_Validation_Plan_v1.0_RU.docx,50,3,11,1. Цель | 2. Область применения | 3. Дизайн исследования | 4. Пользовательские группы и численность | 5. Условия и оборудование | 6. Критические задачи | 7. Сценарии и задания (Test Scripts) | 8. Метрики и сбор данных | 9. Критерии приемки (Pass/Fail Criteria) | 10. Управление отклонениями и изменения дизайна | 11. Выходные документы
Submission_Build_v2.8/06_EU_MDR/Annex_II_III_Submission_Folder/6_Verification_and_Validation/Uroflow_HFE_Usability_Engineering_File_v1.0_RU.docx,51,4,16,"1. Цель и область применения | 2. Краткое описание изделия | 3. Спецификация использования (Use Specification) | 3.1 Предназначение (Intended use) и ограничения | 3.2 Предполагаемые пользователи | 3.3 Условия эксплуатации | 3.4 Предварительные условия и допущения | 4. Пользовательские сценарии (Use Scenarios) | 5. Анализ задач (Task Analysis) | 6. Критические задачи | 7. Анализ рисков, связанных с использованием (URRA) | 8. Стратегия снижения use-related рисков"
Submission_Build_v2.8/06_EU_MDR/Annex_II_III_Submission_Folder/6_Verification_and_Validation/Uroflow_SAP_MethodComparison_v1.0.docx,97,3,28,0. Контроль версий и утверждение | 1. Область применения и контекст | 2. Цели исследования и гипотезы | 2.1. Основная цель | 2.2. Вторичные цели | 2.3. Формулировка гипотез | 3. Описание изделия и референсного метода | 4. Популяции анализа и наборы данных | 4.1. Единица анализа | 4.2. Наборы данных (analysis sets) | 4.3. Критерии качества и правила браковки | 5. Конечные точки и расчёт параметров
Submission_Build_v2.8/06_EU_MDR/Annex_II_III_Submission_Folder/6_Verification_and_Validation/Uroflow_Security_Test_Report_Template_v1.0_RU.docx,31,4,12,1. Резюме | 2. Область и границы (Scope) | 3. Активы и модель угроз | 4. Среда и конфигурация | 5. Методика и инструменты | 6. Критерии серьёзности | 7. Итоговая сводка находок | 8. Детальные находки | 9. Ретест и закрытие | 10. Остаточные риски и приемка | 11. Приложения | Контроль версий
Submission_Build_v2.8/06_EU_MDR/Annex_II_III_Submission_Folder/6_Verification_and_Validation/Uroflow_Smartphone_Algorithm_Spec_v1.1_Fusion_CoreML.docx,53,11,19,"1. Цель и область применения | 2. Входы, выходы и частоты | 3. Синхронизация потоков данных | 4. Препроцессинг и признаки | 4.1 Audio features | 4.2 Video features (ROI воды) | 4.3 Depth/Geometry features | 5. Двухмодельная архитектура (рекомендуется) | 5.1 Model A: Event segmentation + Quality | 5.2 Model B: Flow regression + uncertainty | 6. Sensor fusion: математическая схема (вариант B2) | 7. Физический фильтр и ограничения"
Submission_Build_v2.8/06_EU_MDR/Annex_II_III_Submission_Folder/6_Verification_and_Validation/Uroflow_Software_System_VV_Plan_v1.0_EN.docx,32,1,15,1. Purpose | 2. Scope | 3. Standards and guidance (reference list) | 4. V&V approach overview | 5. Test levels and artifacts | 5.1 Reviews | 5.2 Unit and integration testing | 5.3 System testing (functional) | 5.4 Performance testing (analytical) | 5.5 Clinical validation | 5.6 Usability/HFE validation | 5.7 Cybersecurity verification
Submission_Build_v2.8/06_EU_MDR/Annex_II_III_Submission_Folder/6_Verification_and_Validation/Uroflow_Software_System_VV_Report_v1.0_EN.docx,33,2,16,1. Summary | 2. Release identification | 3. Scope | 4. Verification results | 4.1 Requirements and design reviews | 4.2 Unit / integration testing | 4.3 System functional testing | 5. Validation results | 5.1 Bench analytical validation | 5.2 Clinical validation | 5.3 Usability/HFE validation | 5.4 Cybersecurity validation
Submission_Build_v2.8/06_EU_MDR/Annex_II_III_Submission_Folder/Annex_III_PMS/Uroflow_PMCF_Plan_v1.0_RU.docx,42,1,12,1. Цель | 2. Обоснование необходимости PMCF | 3. Цели PMCF | 4. Дизайн PMCF | 4.1 Компонент A: наблюдательное клиническое исследование (real‑world) | 4.2 Компонент B: сбор обратной связи клиницистов и usability | 4.3 Компонент C: мониторинг дрейфа производительности по данным PMS | 5. Популяция и выборка | 6. Анализ данных | 7. Управление изменениями | 8. Отчётность | 9. Этические и правовые аспекты
Submission_Build_v2.8/06_EU_MDR/Annex_II_III_Submission_Folder/Annex_III_PMS/Uroflow_PMS_Plan_EU_MDR_AnnexIII_v1.0_RU.docx,54,1,12,1. Цель | 2. Объект PMS | 3. Цели PMS | 4. Организация PMS и ответственности | 5. Источники данных PMS | 5.1 Реактивные источники | 5.2 Проактивные источники | 6. Методы сбора и анализа | 7. Vigilance и Field Safety Corrective Actions | 8. Выходные документы PMS | 9. Периодичность и обзоры | 10. Данные и приватность
Submission_Build_v2.8/06_EU_MDR/Annex_II_III_Submission_Folder/Annex_III_PMS/Uroflow_PSUR_Template_v1.0_RU.docx,29,1,8,1. Идентификация изделия | 2. Резюме результатов PMS | 3. Данные о продажах/использовании | 4. Жалобы и инциденты | 5. FSCA/корректирующие действия | 6. Тренд‑анализ и сигналы безопасности | 7. Обновление benefit–risk | 8. Выводы и план действий
Submission_Build_v2.8/06_EU_MDR/Uroflow_EU_MDR_Clinical_Evaluation_Plan_CEP_v1.0_EN.docx,36,1,18,1. Purpose | 2. Device identification and description | 2.1 Device name and configuration | 2.2 Intended purpose and target population | 2.3 Clinical benefits and clinical questions | 3. Clinical evaluation scope and classification assumptions | 4. State of the art and background | 5. Clinical data sources | The clinical evaluation will be based on the following clinical data sources: | 6. Literature search strategy | 7. Equivalence considerations | 8. Clinical investigation plan
Submission_Build_v2.8/06_EU_MDR/Uroflow_EU_MDR_Clinical_Evaluation_Plan_CEP_v1.0_RU.docx,20,1,9,1. Цель | 2. Идентификация и описание изделия | 2.1 Наименование и конфигурация | 2.2 Intended use / назначение и популяция | 3. Объём клинической оценки | 4. Источники клинических данных | 5. План клинического исследования | 6. Deliverables | 7. Связь с риск-менеджментом и PMS/PMCF
Submission_Build_v2.8/06_EU_MDR/Uroflow_EU_MDR_Clinical_Evaluation_Report_CER_v1.0_EN.docx,37,1,18,"0. Executive summary | 1. Device description | 1.1 Device overview | 1.2 Intended purpose and clinical claims | 1.3 Indications, contraindications, and limitations | 2. Clinical evaluation methodology | 2.1 Data sources and appraisal | 3. State of the art | 4. Clinical data | 4.1 Bench/analytical performance | 4.2 Clinical investigation results | 4.3 Literature review summary"
Submission_Build_v2.8/06_EU_MDR/Uroflow_EU_MDR_Clinical_Evaluation_Report_CER_v1.0_RU.docx,22,1,10,0. Краткое резюме | 1. Описание изделия | 2. Intended purpose и клинические заявления | 3. Методология клинической оценки | 4. Клинические данные | 4.1 Стендовые/аналитические испытания | 4.2 Клиническое исследование | 4.3 Литература | 5. Оценка безопасности и эффективности | 6. Выводы и дальнейшие действия
Submission_Build_v2.8/06_EU_MDR/Uroflow_EU_MDR_Design_and_Manufacturing_Information_v1.0_EN.docx,40,0,7,1. Overview | 2. Design controls and lifecycle | 3. Software development environment | 4. Configuration management | 5. Third-party software (SoUP) | 6. Distribution and installation | 7. Maintenance and post-market updates
Submission_Build_v2.8/06_EU_MDR/Uroflow_EU_MDR_Device_Description_and_Specification_v1.0_EN.docx,32,1,6,1. Device identification | 2. Device overview | 3. Components and configuration | 4. Measurement outputs and specifications | 5. Clinical and technical limitations | 6. Accessories and interoperability
Submission_Build_v2.8/06_EU_MDR/Uroflow_EU_MDR_Literature_Search_Protocol_LSP_v1.0_EN.docx,27,1,13,1. Objective | 2. Research questions | 3. Databases and sources | 4. Search strategy | 4.1 Timeframe and languages | 4.2 Core search strings (examples) | 5. Inclusion / exclusion criteria | 5.1 Inclusion | 5.2 Exclusion | 6. Screening and selection process | 7. Data extraction fields | 8. Quality appraisal
Submission_Build_v2.8/06_EU_MDR/Uroflow_EU_MDR_Software_Architecture_Description_v1.0_EN.docx,50,0,7,1. Software overview | 2. System context | 3. High-level architecture | 4. Data flow (logical) | 5. Cybersecurity and privacy architecture | 6. SoUP inventory and controls | 7. References to controlled documents
Submission_Build_v2.8/06_EU_MDR/Uroflow_EU_MDR_Technical_Documentation_AnnexII_III_Pack_v1.0_EN.docx,56,0,13,1. Purpose and scope | 2. Intended use and claims guardrails | 3. Recommended Technical Documentation folder structure | 4. Annex II content map | 4.1 Device description and specification | 4.2 Information supplied by the manufacturer | 4.3 Design and manufacturing information | 4.4 GSPR checklist (Annex I) | 4.5 Risk management | 4.6 Product verification and validation | 5. Annex III content map | 6. EU-specific software documentation notes
Submission_Build_v2.8/06_EU_MDR/Uroflow_PMS_Plan_EU_MDR_AnnexIII_v1.0_RU.docx,54,1,12,1. Цель | 2. Объект PMS | 3. Цели PMS | 4. Организация PMS и ответственности | 5. Источники данных PMS | 5.1 Реактивные источники | 5.2 Проактивные источники | 6. Методы сбора и анализа | 7. Vigilance и Field Safety Corrective Actions | 8. Выходные документы PMS | 9. Периодичность и обзоры | 10. Данные и приватность
Submission_Build_v2.8/07_US_FDA/FDA_Submission_Folder/A_Administrative/Uroflow_Acceptance_Criteria_Lock_Record_v1.0_EN.docx,16,2,4,1. Source documents | 2. Locked thresholds (release v1.0) | 3. Change rules | 4. Approval (signatures)
Submission_Build_v2.8/07_US_FDA/FDA_Submission_Folder/A_Administrative/Uroflow_Claims_Lock_Record_v1.0_EN.docx,24,2,5,1. Intended use (baseline wording) | 2. Excluded claims (release v1.0) | 3. Claim Set A - regional wording | 4. Linked controlled documents | 5. Approval (signatures)
Submission_Build_v2.8/07_US_FDA/FDA_Submission_Folder/B_Software_Documentation/Uroflow_EU_MDR_Software_Architecture_Description_v1.0_EN.docx,50,0,7,1. Software overview | 2. System context | 3. High-level architecture | 4. Data flow (logical) | 5. Cybersecurity and privacy architecture | 6. SoUP inventory and controls | 7. References to controlled documents
Submission_Build_v2.8/07_US_FDA/FDA_Submission_Folder/B_Software_Documentation/Uroflow_FDA_Software_Documentation_Bundle_v1.0_EN.docx,53,0,11,1. Purpose | 2. Intended use guardrails | 3. Proposed software level of concern (LoC) - working assessment | 4. Software dossier structure | 5. Mapping to project controlled documents | 5.1 Software description and architecture | 5.2 Requirements and hazard analysis | 5.3 V&V and clinical performance | 5.4 Cybersecurity artifacts | 5.5 Configuration management and changes (including ML model updates) | 6. Submission readiness checklist
Submission_Build_v2.8/07_US_FDA/FDA_Submission_Folder/B_Software_Documentation/Uroflow_Software_System_VV_Plan_v1.0_EN.docx,32,1,15,1. Purpose | 2. Scope | 3. Standards and guidance (reference list) | 4. V&V approach overview | 5. Test levels and artifacts | 5.1 Reviews | 5.2 Unit and integration testing | 5.3 System testing (functional) | 5.4 Performance testing (analytical) | 5.5 Clinical validation | 5.6 Usability/HFE validation | 5.7 Cybersecurity verification
Submission_Build_v2.8/07_US_FDA/FDA_Submission_Folder/B_Software_Documentation/Uroflow_Software_System_VV_Report_v1.0_EN.docx,33,2,16,1. Summary | 2. Release identification | 3. Scope | 4. Verification results | 4.1 Requirements and design reviews | 4.2 Unit / integration testing | 4.3 System functional testing | 5. Validation results | 5.1 Bench analytical validation | 5.2 Clinical validation | 5.3 Usability/HFE validation | 5.4 Cybersecurity validation
Submission_Build_v2.8/07_US_FDA/FDA_Submission_Folder/C_Cybersecurity/Uroflow_Cybersecurity_Engineering_File_v1.0_RU.docx,59,1,15,1. Цель | 2. Границы системы и допущения | 3. Активы и классификация данных | 4. Архитектура и потоки данных | 5. Моделирование угроз (Threat Modeling) | 6. Требования к безопасности (Security Requirements) | 6.1 Защита данных на устройстве | 6.2 Безопасность передачи данных | 6.3 Целостность модели и обновлений | 6.4 Защита от компрометации среды | 6.5 Управление зависимостями и SBOM | 7. Верификация и валидация безопасности
Submission_Build_v2.8/07_US_FDA/FDA_Submission_Folder/C_Cybersecurity/Uroflow_FDA_Cybersecurity_Submission_Package_v1.0_EN.docx,37,0,7,1. Scope | 2. System cybersecurity context | 3. Threat model and controls | 4. SBOM and SoUP | 5. Security testing and evidence | 6. Vulnerability management and incident response | 7. Artifact list (expected attachments)
Submission_Build_v2.8/07_US_FDA/FDA_Submission_Folder/C_Cybersecurity/Uroflow_Security_Test_Report_Template_v1.0_RU.docx,31,4,12,1. Резюме | 2. Область и границы (Scope) | 3. Активы и модель угроз | 4. Среда и конфигурация | 5. Методика и инструменты | 6. Критерии серьёзности | 7. Итоговая сводка находок | 8. Детальные находки | 9. Ретест и закрытие | 10. Остаточные риски и приемка | 11. Приложения | Контроль версий
Submission_Build_v2.8/07_US_FDA/FDA_Submission_Folder/C_Cybersecurity/Uroflow_Software_Release_and_Update_Policy_v1.0_RU.docx,65,1,13,1. Цель | 2. Область применения | 3. Версионирование | 4. Типы релизов | 5. Release Governance (гейты) | 6. Acceptance Gates (обязательные проверки) | 6.1 Технические тесты | 6.2 ML/Алгоритм | 6.3 Безопасность | 6.4 Usability/HFE | 7. Политика обновления ML-моделей | 8. Распространение релизов
Submission_Build_v2.8/07_US_FDA/FDA_Submission_Folder/C_Cybersecurity/Uroflow_Vulnerability_Disclosure_and_Incident_Response_v1.0_RU.docx,45,1,8,1. Назначение | 2. Каналы приема сообщений | 3. Обработка сообщений об уязвимостях (CVD) | 4. Реагирование на инциденты (IR) | 4.1 Процесс IR | 4.2 Уведомления | 5. Артефакты и записи | 6. Приложения (шаблоны)
Submission_Build_v2.8/07_US_FDA/FDA_Submission_Folder/D_Clinical_Performance/Uroflow_Clinical_Protocol_v1.0_EN.docx,99,3,35,1. Administrative information | 2. Abbreviations and definitions | 3. Background and objectives | 3.1 Background | 3.2 Objectives | 4. Endpoints | 4.1 Primary endpoints | 4.2 Secondary endpoints | 5. Study design | 5.1 Reference method | 5.2 Index test (smartphone app) | 6. Study population
Submission_Build_v2.8/07_US_FDA/FDA_Submission_Folder/D_Clinical_Performance/Uroflow_CSR_Template_v1.0.docx,82,4,38,Document Control | Confidentiality statement | Table of Contents | List of Tables and Figures | Abbreviations | 1. Synopsis (Синопсис) | 2. Ethics and Regulatory Compliance | 3. Administrative Structure | 4. Introduction | 5. Objectives and Endpoints | 5.1 Primary objective | 5.2 Endpoints
Submission_Build_v2.8/07_US_FDA/FDA_Submission_Folder/D_Clinical_Performance/Uroflow_CSR_Template_v1.1_AUTOFILL.docx,103,4,39,Document Control | Confidentiality statement | Table of Contents | List of Tables and Figures | Abbreviations | 1. Synopsis (Синопсис) | 2. Ethics and Regulatory Compliance | 3. Administrative Structure | 4. Introduction | 5. Objectives and Endpoints | 5.1 Primary objective | 5.2 Endpoints
Submission_Build_v2.8/07_US_FDA/FDA_Submission_Folder/D_Clinical_Performance/Uroflow_CSR_Template_v1.1_AUTOFILL_RU.docx,103,4,39,Document Control | Confidentiality statement | Table of Contents | List of Tables and Figures | Abbreviations | 1. Synopsis (Синопсис) | 2. Ethics and Regulatory Compliance | 3. Administrative Structure | 4. Introduction | 5. Objectives and Endpoints | 5.1 Primary objective | 5.2 Endpoints
Submission_Build_v2.8/07_US_FDA/FDA_Submission_Folder/D_Clinical_Performance/Uroflow_SAP_MethodComparison_v1.0.docx,97,3,28,0. Контроль версий и утверждение | 1. Область применения и контекст | 2. Цели исследования и гипотезы | 2.1. Основная цель | 2.2. Вторичные цели | 2.3. Формулировка гипотез | 3. Описание изделия и референсного метода | 4. Популяции анализа и наборы данных | 4.1. Единица анализа | 4.2. Наборы данных (analysis sets) | 4.3. Критерии качества и правила браковки | 5. Конечные точки и расчёт параметров
Submission_Build_v2.8/07_US_FDA/FDA_Submission_Folder/E_Risk_QMS/Uroflow_QMS_SOP_Pack_v1.0_RU.docx,124,13,15,"Введение | Список SOP | SOP-QMS-001 - Управление документами (Document Control) | SOP-QMS-002 - Управление записями (Record Control) | SOP-QMS-003 - Управление изменениями (Change Control, включая ML) | SOP-QMS-004 - Несоответствия и CAPA | SOP-QMS-005 - Работа с обращениями/жалобами | SOP-QMS-006 - Управление поставщиками (Supplier Management) | SOP-QMS-007 - Обучение и компетенции | SOP-QMS-008 - Постмаркетинговый надзор (PMS) | SOP-RISK-001 - Управление рисками (ISO 14971) | SOP-SW-001 - SDLC для SaMD/ML (IEC 62304-aligned)"
Submission_Build_v2.8/07_US_FDA/FDA_Submission_Folder/E_Risk_QMS/Uroflow_Risk_Management_Plan_ISO14971_v1.0_RU.docx,65,2,0,
Submission_Build_v2.8/07_US_FDA/FDA_Submission_Folder/E_Risk_QMS/Uroflow_Risk_Management_Report_ISO14971_v1.0_RU.docx,28,1,8,1. Резюме | 2. Объект оценки | 3. Использованные входные данные | 4. Итоги по управлению рисками | 5. Проверка мер управления | 6. Оценка остаточного риска и вывод | 7. Дальнейшие действия (до релиза и после) | 8. Утверждение
Submission_Build_v2.8/07_US_FDA/Uroflow_FDA_Cybersecurity_Submission_Package_v1.0_EN.docx,37,0,7,1. Scope | 2. System cybersecurity context | 3. Threat model and controls | 4. SBOM and SoUP | 5. Security testing and evidence | 6. Vulnerability management and incident response | 7. Artifact list (expected attachments)
Submission_Build_v2.8/07_US_FDA/Uroflow_FDA_Software_Documentation_Bundle_v1.0_EN.docx,53,0,11,1. Purpose | 2. Intended use guardrails | 3. Proposed software level of concern (LoC) - working assessment | 4. Software dossier structure | 5. Mapping to project controlled documents | 5.1 Software description and architecture | 5.2 Requirements and hazard analysis | 5.3 V&V and clinical performance | 5.4 Cybersecurity artifacts | 5.5 Configuration management and changes (including ML model updates) | 6. Submission readiness checklist
Submission_Build_v2.8/08_Privacy_and_Security/Cybersecurity/Uroflow_Cybersecurity_Engineering_File_v1.0_RU.docx,59,1,15,1. Цель | 2. Границы системы и допущения | 3. Активы и классификация данных | 4. Архитектура и потоки данных | 5. Моделирование угроз (Threat Modeling) | 6. Требования к безопасности (Security Requirements) | 6.1 Защита данных на устройстве | 6.2 Безопасность передачи данных | 6.3 Целостность модели и обновлений | 6.4 Защита от компрометации среды | 6.5 Управление зависимостями и SBOM | 7. Верификация и валидация безопасности
Submission_Build_v2.8/08_Privacy_and_Security/Cybersecurity/Uroflow_Security_Test_Report_Template_v1.0_RU.docx,31,4,12,1. Резюме | 2. Область и границы (Scope) | 3. Активы и модель угроз | 4. Среда и конфигурация | 5. Методика и инструменты | 6. Критерии серьёзности | 7. Итоговая сводка находок | 8. Детальные находки | 9. Ретест и закрытие | 10. Остаточные риски и приемка | 11. Приложения | Контроль версий
Submission_Build_v2.8/08_Privacy_and_Security/Cybersecurity/Uroflow_Vulnerability_Disclosure_and_Incident_Response_v1.0_RU.docx,45,1,8,1. Назначение | 2. Каналы приема сообщений | 3. Обработка сообщений об уязвимостях (CVD) | 4. Реагирование на инциденты (IR) | 4.1 Процесс IR | 4.2 Уведомления | 5. Артефакты и записи | 6. Приложения (шаблоны)
Submission_Build_v2.8/08_Privacy_and_Security/Privacy/Uroflow_Data_Privacy_Architecture_v1.0_EN.docx,39,1,11,1. Purpose | 2. Data classes | 3. Default architecture (on-device) | 4. Optional cloud synchronization | 5. Consent and settings | 6. Regional considerations (high-level) | 6.1 Russia | 6.2 European Union | 6.3 United States | 6.4 China | 7. Retention and deletion
Submission_Build_v2.8/08_Privacy_and_Security/Privacy/Uroflow_Data_Privacy_Architecture_v1.0_RU.docx,39,1,11,1. Цель | 2. Классы данных | 3. Архитектура по умолчанию (on-device) | 4. Опциональная облачная синхронизация | 5. Согласия и настройки | 6. Региональные особенности (обзор) | 6.1. Россия | 6.2. Европейский Союз | 6.3. США | 6.4. Китай | 7. Ретеншн и удаление
Submission_Build_v2.8/08_Privacy_and_Security/Privacy/Uroflow_DPIA_GDPR_v1.0_EN.docx,30,1,14,1. Processing overview | 2. Description of processing | 2.1 Purposes | 2.2 Categories of data subjects | 2.3 Categories of personal data | 2.4 Special category data | 2.5 Lawful basis | 2.6 Data flows and storage locations | 2.7 Retention | 3. Necessity and proportionality | 4. Risk assessment | 5. Measures to address risks
Submission_Build_v2.8/08_Privacy_and_Security/Privacy/Uroflow_PIPL_SensitivePI_Checklist_v1.0_EN.docx,11,2,4,1. Scope | 2. Sensitive personal information (SPI) | 3. Key requirements checklist | 4. Design recommendations (product)
Submission_Build_v2.8/08_Privacy_and_Security/Privacy/Uroflow_RU_152FZ_Data_Localization_Compliance_Note_v1.0_RU.docx,13,1,5,1. Назначение документа | 2. Принцип архитектуры для РФ | 3. Категории данных и риски | 4. Технические и организационные меры | 5. Вывод
Submission_Build_v2.8/09_HFE_Usability/Uroflow_HFE_Summative_Validation_Plan_v1.0_RU.docx,50,3,11,1. Цель | 2. Область применения | 3. Дизайн исследования | 4. Пользовательские группы и численность | 5. Условия и оборудование | 6. Критические задачи | 7. Сценарии и задания (Test Scripts) | 8. Метрики и сбор данных | 9. Критерии приемки (Pass/Fail Criteria) | 10. Управление отклонениями и изменения дизайна | 11. Выходные документы
Submission_Build_v2.8/09_HFE_Usability/Uroflow_HFE_Summative_Validation_Report_Template_v1.0_RU.docx,56,7,17,"1. Резюме (Executive Summary) | 2. Описание изделия и интерфейса | 3. Пользователи и среда применения | 4. Нормативные и методические основания | 5. Критические задачи и use-related риски | 6. Дизайн суммативного исследования | 7. Участники | 8. Среда тестирования и оборудование | 9. Обучение и материалы (IFU/инструкции) | 10. Сценарии, задачи и критерии успеха | 11. Сбор данных и метрики | 12. Результаты"
Submission_Build_v2.8/09_HFE_Usability/Uroflow_HFE_Usability_Engineering_File_v1.0_RU.docx,51,4,16,"1. Цель и область применения | 2. Краткое описание изделия | 3. Спецификация использования (Use Specification) | 3.1 Предназначение (Intended use) и ограничения | 3.2 Предполагаемые пользователи | 3.3 Условия эксплуатации | 3.4 Предварительные условия и допущения | 4. Пользовательские сценарии (Use Scenarios) | 5. Анализ задач (Task Analysis) | 6. Критические задачи | 7. Анализ рисков, связанных с использованием (URRA) | 8. Стратегия снижения use-related рисков"
Submission_Build_v2.8/10_Pilot_Automation/sample_outputs/v1.2/Uroflow_CSR_Autodraft_EN_tfl.docx,99,9,39,Document Control | Confidentiality statement | Table of Contents | List of Tables and Figures | Abbreviations | 1. Synopsis (Синопсис) | 2. Ethics and Regulatory Compliance | 3. Administrative Structure | 4. Introduction | 5. Objectives and Endpoints | 5.1 Primary objective | 5.2 Endpoints
Submission_Build_v2.8/10_Pilot_Automation/sample_outputs/v1.2/Uroflow_CSR_Autodraft_RU_tfl.docx,99,9,39,Document Control | Confidentiality statement | Table of Contents | List of Tables and Figures | Abbreviations | 1. Synopsis (Синопсис) | 2. Ethics and Regulatory Compliance | 3. Administrative Structure | 4. Introduction | 5. Objectives and Endpoints | 5.1 Primary objective | 5.2 Endpoints
Submission_Build_v2.8/11_Region_Packs/CN_NMPA/Uroflow_CN_Claims_and_Registration_Strategy_v1.0_EN.docx,26,0,6,1. Purpose | 2. Recommended intended use/claims for China (Claim Set CN‑A) | 3. Avoid in v1 claims (to reduce regulatory risk) | 4. Data protection and operations (PIPL‑aware) | 5. Evidence checklist (minimum) | 6. Localization checklist (China readiness)
Submission_Build_v2.8/11_Region_Packs/RU_Roszdravnadzor/Uroflow_RU_Claims_and_Registration_Strategy_v1.0_RU.docx,36,0,7,1. Цель документа | 2. Рекомендованный intended use/claims для РФ (Claim Set RU‑A) | 3. Что НЕ заявлять в v1 (чтобы не завысить регриски) | 4. Обязательные условия использования (для качества измерений) | 5. Доказательная база (минимум) для запуска и регистрации | 6. Данные и локализация (РФ) — практическая рекомендация | 7. Чек‑лист готовности RU‑A (перед пилотом)
