file_name,module,category,size_bytes,selected_sheet_export,automation_asset
Submission_Build_v2.8/00_README_and_Indexes/00_README_Submission_Build_v2.8.txt,00_README_and_Indexes,text,2236,no,no
Submission_Build_v2.8/00_README_and_Indexes/Archive/00_README_Submission_Build_v2.2.txt,00_README_and_Indexes,text,2214,no,no
Submission_Build_v2.8/00_README_and_Indexes/Archive/00_README_Submission_Build_v2.3.txt,00_README_and_Indexes,text,2421,no,no
Submission_Build_v2.8/00_README_and_Indexes/Archive/00_README_Submission_Build_v2.4.txt,00_README_and_Indexes,text,2911,no,no
Submission_Build_v2.8/00_README_and_Indexes/Archive/00_README_Submission_Build_v2.5.txt,00_README_and_Indexes,text,2355,no,no
Submission_Build_v2.8/00_README_and_Indexes/Archive/00_README_Submission_Build_v2.6.txt,00_README_and_Indexes,text,2538,no,no
Submission_Build_v2.8/00_README_and_Indexes/Archive/00_README_Submission_Build_v2.7.txt,00_README_and_Indexes,text,2584,no,no
Submission_Build_v2.8/00_README_and_Indexes/Archive/00_README_Uroflow_Project_Package_v1.9.txt,00_README_and_Indexes,text,3139,no,no
Submission_Build_v2.8/00_README_and_Indexes/Archive/00_README_Uroflow_Project_Package_v2.0.txt,00_README_and_Indexes,text,2354,no,no
Submission_Build_v2.8/00_README_and_Indexes/Archive/00_README_Uroflow_Project_Package_v2.1.txt,00_README_and_Indexes,text,2191,no,no
Submission_Build_v2.8/00_README_and_Indexes/Archive/Uroflow_Master_Submission_Index_v2.2.xlsx,00_README_and_Indexes,xlsx,16609,no,no
Submission_Build_v2.8/00_README_and_Indexes/Archive/Uroflow_Master_Submission_Index_v2.3.xlsx,00_README_and_Indexes,xlsx,16115,no,no
Submission_Build_v2.8/00_README_and_Indexes/Archive/Uroflow_Master_Submission_Index_v2.4.xlsx,00_README_and_Indexes,xlsx,16782,no,no
Submission_Build_v2.8/00_README_and_Indexes/Archive/Uroflow_Master_Submission_Index_v2.5.xlsx,00_README_and_Indexes,xlsx,17343,no,no
Submission_Build_v2.8/00_README_and_Indexes/Archive/Uroflow_Master_Submission_Index_v2.6.xlsx,00_README_and_Indexes,xlsx,18487,no,no
Submission_Build_v2.8/00_README_and_Indexes/Archive/Uroflow_Master_Submission_Index_v2.7.xlsx,00_README_and_Indexes,xlsx,19990,no,no
Submission_Build_v2.8/00_README_and_Indexes/Uroflow_Launch_Readiness_Integrated_Plan_v1.0.xlsx,00_README_and_Indexes,xlsx,8584,yes,no
Submission_Build_v2.8/00_README_and_Indexes/Uroflow_Master_Submission_Index_v2.8.xlsx,00_README_and_Indexes,xlsx,21484,yes,no
Submission_Build_v2.8/00_README_and_Indexes/Uroflow_Submission_Ready_EvidencePack_Index_EU_US_v1.0.xlsx,00_README_and_Indexes,xlsx,10350,yes,no
Submission_Build_v2.8/01_Product_QMS/Other/Sample_Report.pdf,01_Product_QMS,pdf,107049,no,no
Submission_Build_v2.8/01_Product_QMS/Other/Uroflow_Claims_Evidence_Traceability_Matrix_v1.0.xlsx,01_Product_QMS,xlsx,9815,no,no
Submission_Build_v2.8/01_Product_QMS/Other/Uroflow_Data_Management_Plan_v1.0_EN.docx,01_Product_QMS,docx,38677,no,no
Submission_Build_v2.8/01_Product_QMS/Other/Uroflow_Data_Management_Plan_v1.0_RU.docx,01_Product_QMS,docx,39431,no,no
Submission_Build_v2.8/01_Product_QMS/Other/Uroflow_DHF_Index_Status_Register_v1.0.xlsx,01_Product_QMS,xlsx,7583,no,no
Submission_Build_v2.8/01_Product_QMS/Other/Uroflow_DHF_Index_Status_Register_v1.1.xlsx,01_Product_QMS,xlsx,8064,no,no
Submission_Build_v2.8/01_Product_QMS/Other/Uroflow_EDC_CRF_DataDictionary_v1.0.xlsx,01_Product_QMS,xlsx,19999,no,no
Submission_Build_v2.8/01_Product_QMS/Other/Uroflow_EDC_CRF_DataDictionary_v1.0_CSV.zip,01_Product_QMS,zip,7061,no,no
Submission_Build_v2.8/01_Product_QMS/Other/Uroflow_IFU_Draft_v1.0_EN.docx,01_Product_QMS,docx,38490,no,no
Submission_Build_v2.8/01_Product_QMS/Other/Uroflow_IFU_Draft_v1.0_RU.docx,01_Product_QMS,docx,39282,no,no
Submission_Build_v2.8/01_Product_QMS/Other/Uroflow_IntendedUse_Claims_ByRegion_v1.0_RU.docx,01_Product_QMS,docx,40248,no,no
Submission_Build_v2.8/01_Product_QMS/Other/Uroflow_Labeling_Claims_Alignment_v1.0_RU.docx,01_Product_QMS,docx,38949,no,no
Submission_Build_v2.8/01_Product_QMS/Other/Uroflow_PMCF_Plan_v1.0_RU.docx,01_Product_QMS,docx,39342,no,no
Submission_Build_v2.8/01_Product_QMS/Other/Uroflow_PMS_Forms_and_Registers_v1.0.xlsx,01_Product_QMS,xlsx,9997,no,no
Submission_Build_v2.8/01_Product_QMS/Other/Uroflow_PSUR_Template_v1.0_RU.docx,01_Product_QMS,docx,38008,no,no
Submission_Build_v2.8/01_Product_QMS/Other/Uroflow_Quality_Score_Calibration_Protocol_v1.0_RU.docx,01_Product_QMS,docx,38698,no,no
Submission_Build_v2.8/01_Product_QMS/Other/Uroflow_Regulatory_Appendices_v1.0.docx,01_Product_QMS,docx,40904,no,no
Submission_Build_v2.8/01_Product_QMS/Other/Uroflow_Regulatory_Mapping_Matrix_v1.0.xlsx,01_Product_QMS,xlsx,13897,no,no
Submission_Build_v2.8/01_Product_QMS/Other/Uroflow_Site_Initiation_Visit_Agenda_v1.0_RU.docx,01_Product_QMS,docx,38407,no,no
Submission_Build_v2.8/01_Product_QMS/Other/Uroflow_Software_System_VV_Plan_v1.0_EN.docx,01_Product_QMS,docx,39164,no,no
Submission_Build_v2.8/01_Product_QMS/Other/Uroflow_Software_System_VV_Report_v1.0_EN.docx,01_Product_QMS,docx,38291,no,no
Submission_Build_v2.8/01_Product_QMS/Other/Uroflow_VV_Evidence_Matrix_v1.0.xlsx,01_Product_QMS,xlsx,7642,no,no
Submission_Build_v2.8/01_Product_QMS/Uroflow_Acceptance_Criteria_Lock_Record_v1.0_EN.docx,01_Product_QMS,docx,37565,no,no
Submission_Build_v2.8/01_Product_QMS/Uroflow_Acceptance_Criteria_Lock_Record_v1.0_RU.docx,01_Product_QMS,docx,37958,no,no
Submission_Build_v2.8/01_Product_QMS/Uroflow_Acceptance_Criteria_v1.0_RU.docx,01_Product_QMS,docx,39871,no,no
Submission_Build_v2.8/01_Product_QMS/Uroflow_Acceptance_Test_Matrix_v1.0.xlsx,01_Product_QMS,xlsx,7901,yes,no
Submission_Build_v2.8/01_Product_QMS/Uroflow_Claims_Lock_Record_v1.0_EN.docx,01_Product_QMS,docx,37872,no,no
Submission_Build_v2.8/01_Product_QMS/Uroflow_Claims_Lock_Record_v1.0_RU.docx,01_Product_QMS,docx,38589,no,no
Submission_Build_v2.8/01_Product_QMS/Uroflow_DHF_Index_Status_Register_v1.2.xlsx,01_Product_QMS,xlsx,13108,no,no
Submission_Build_v2.8/01_Product_QMS/Uroflow_DHF_Index_Status_Register_v1.3_EXECUTED_AUTO.xlsx,01_Product_QMS,xlsx,16449,yes,no
Submission_Build_v2.8/01_Product_QMS/Uroflow_Freeze_Procedure_Dataset_Model_QS_v1.0_EN.docx,01_Product_QMS,docx,38721,no,no
Submission_Build_v2.8/01_Product_QMS/Uroflow_Freeze_Procedure_Dataset_Model_QS_v1.0_RU.docx,01_Product_QMS,docx,39393,no,no
Submission_Build_v2.8/01_Product_QMS/Uroflow_QMS_DesignControls_Execution_Pack_v1.0_RU.docx,01_Product_QMS,docx,41343,no,no
Submission_Build_v2.8/01_Product_QMS/Uroflow_QMS_Forms_and_Registers_v1.0.xlsx,01_Product_QMS,xlsx,10100,no,no
Submission_Build_v2.8/01_Product_QMS/Uroflow_QMS_Forms_and_Registers_v1.1_EXECUTED.xlsx,01_Product_QMS,xlsx,13809,yes,no
Submission_Build_v2.8/01_Product_QMS/Uroflow_QMS_SOP_Pack_v1.0_RU.docx,01_Product_QMS,docx,41608,no,no
Submission_Build_v2.8/01_Product_QMS/Uroflow_Residual_Risk_and_BenefitRisk_v1.0_RU.docx,01_Product_QMS,docx,38689,no,no
Submission_Build_v2.8/01_Product_QMS/Uroflow_Risk_Analysis_HazardLog_FMEA_v1.0.xlsx,01_Product_QMS,xlsx,10752,no,no
Submission_Build_v2.8/01_Product_QMS/Uroflow_Risk_Control_Verification_Matrix_v1.0.xlsx,01_Product_QMS,xlsx,8857,no,no
Submission_Build_v2.8/01_Product_QMS/Uroflow_Risk_Management_Plan_ISO14971_v1.0_RU.docx,01_Product_QMS,docx,40476,no,no
Submission_Build_v2.8/01_Product_QMS/Uroflow_Risk_Management_Report_ISO14971_v1.0_RU.docx,01_Product_QMS,docx,38662,no,no
Submission_Build_v2.8/01_Product_QMS/Uroflow_Smartphone_Design_Controls_Pack_v1.0.docx,01_Product_QMS,docx,53420,no,no
Submission_Build_v2.8/01_Product_QMS/Uroflow_Software_Release_and_Update_Policy_v1.0_RU.docx,01_Product_QMS,docx,39757,no,no
Submission_Build_v2.8/01_Product_QMS/Uroflow_Software_System_VV_Report_Pilot_Freeze_v1.0_EN.docx,01_Product_QMS,docx,38011,no,no
Submission_Build_v2.8/01_Product_QMS/Uroflow_Software_System_VV_Report_Pilot_Freeze_v1.0_RU.docx,01_Product_QMS,docx,38314,no,no
Submission_Build_v2.8/02_Algorithm_and_ML/Uroflow_CoreML_Model_Input_Contract_v1.0.docx,02_Algorithm_and_ML,docx,41066,no,no
Submission_Build_v2.8/02_Algorithm_and_ML/Uroflow_ML_Training_Pipeline_Spec_v1.0.docx,02_Algorithm_and_ML,docx,118192,no,no
Submission_Build_v2.8/02_Algorithm_and_ML/Uroflow_Smartphone_Algorithm_Spec_v1.1_Fusion_CoreML.docx,02_Algorithm_and_ML,docx,42067,no,no
Submission_Build_v2.8/03_Data_Golden_Dataset/Uroflow_Annotation_SOP_QA_v1.0.docx,03_Data_Golden_Dataset,docx,43076,no,no
Submission_Build_v2.8/03_Data_Golden_Dataset/Uroflow_Dataset_Card_Template_v1.0_RU.docx,03_Data_Golden_Dataset,docx,38367,no,no
Submission_Build_v2.8/03_Data_Golden_Dataset/Uroflow_Golden_Dataset_Acquisition_SOP_v1.0_RU.docx,03_Data_Golden_Dataset,docx,39481,no,no
Submission_Build_v2.8/03_Data_Golden_Dataset/Uroflow_Golden_Dataset_Coverage_Targets_and_Tracker_v1.0.xlsx,03_Data_Golden_Dataset,xlsx,7119,yes,no
Submission_Build_v2.8/03_Data_Golden_Dataset/Uroflow_Golden_Dataset_Daily_QA_Log_v1.0.xlsx,03_Data_Golden_Dataset,xlsx,33862,no,no
Submission_Build_v2.8/03_Data_Golden_Dataset/Uroflow_Golden_Dataset_Daily_QA_SOP_v1.0_EN.docx,03_Data_Golden_Dataset,docx,38265,no,no
Submission_Build_v2.8/03_Data_Golden_Dataset/Uroflow_Golden_Dataset_Daily_QA_SOP_v1.0_RU.docx,03_Data_Golden_Dataset,docx,38974,no,no
Submission_Build_v2.8/03_Data_Golden_Dataset/Uroflow_Golden_Dataset_Plan_v1.0_RU.docx,03_Data_Golden_Dataset,docx,41767,no,no
Submission_Build_v2.8/03_Data_Golden_Dataset/Uroflow_Golden_Dataset_Schema_v1.0.xlsx,03_Data_Golden_Dataset,xlsx,9765,no,no
Submission_Build_v2.8/03_Data_Golden_Dataset/Uroflow_Smartphone_Algorithm_and_Dataset_Spec_v1.0.docx,03_Data_Golden_Dataset,docx,44013,no,no
Submission_Build_v2.8/04_Bench_Testing/Uroflow_Bench_and_Dataset_Templates_v1.0.xlsx,04_Bench_Testing,xlsx,7970,no,no
Submission_Build_v2.8/04_Bench_Testing/Uroflow_Bench_BOM_and_Wiring_v1.0.xlsx,04_Bench_Testing,xlsx,9985,no,no
Submission_Build_v2.8/04_Bench_Testing/Uroflow_Bench_BOM_Variants_v0.2.xlsx,04_Bench_Testing,xlsx,13597,no,no
Submission_Build_v2.8/04_Bench_Testing/Uroflow_Bench_SOP_BOM_v0.2.docx,04_Bench_Testing,docx,124965,no,no
Submission_Build_v2.8/04_Bench_Testing/Uroflow_Bench_SOP_BOM_v1.0.docx,04_Bench_Testing,docx,107373,no,no
Submission_Build_v2.8/04_Bench_Testing/Uroflow_Regression_Suite_v1.0.xlsx,04_Bench_Testing,xlsx,19462,no,no
Submission_Build_v2.8/05_Clinical/Uroflow_Clinical_Monitoring_Plan_v1.0_EN.docx,05_Clinical,docx,38527,no,no
Submission_Build_v2.8/05_Clinical/Uroflow_Clinical_Monitoring_Plan_v1.0_RU.docx,05_Clinical,docx,39160,no,no
Submission_Build_v2.8/05_Clinical/Uroflow_Clinical_Pilot_Site_Startup_Package_v1.0_RU.docx,05_Clinical,docx,39923,no,no
Submission_Build_v2.8/05_Clinical/Uroflow_Clinical_Protocol_v1.0_EN.docx,05_Clinical,docx,41292,no,no
Submission_Build_v2.8/05_Clinical/Uroflow_Clinical_Protocol_v1.0_RU.docx,05_Clinical,docx,43044,no,no
Submission_Build_v2.8/05_Clinical/Uroflow_CSR_Authoring_Guide_v1.0_EN.docx,05_Clinical,docx,38142,no,no
Submission_Build_v2.8/05_Clinical/Uroflow_CSR_Authoring_Guide_v1.0_RU.docx,05_Clinical,docx,38654,no,no
Submission_Build_v2.8/05_Clinical/Uroflow_CSR_Template_v1.0.docx,05_Clinical,docx,40927,no,no
Submission_Build_v2.8/05_Clinical/Uroflow_CSR_Template_v1.1_AUTOFILL.docx,05_Clinical,docx,41234,no,no
Submission_Build_v2.8/05_Clinical/Uroflow_CSR_Template_v1.1_AUTOFILL_RU.docx,05_Clinical,docx,41397,no,no
Submission_Build_v2.8/05_Clinical/Uroflow_CSR_TFL_Workbook_v1.0.xlsx,05_Clinical,xlsx,620612,no,no
Submission_Build_v2.8/05_Clinical/Uroflow_CSR_TFL_Workbook_v1.0_nocharts.xlsx,05_Clinical,xlsx,634798,no,no
Submission_Build_v2.8/05_Clinical/Uroflow_Ethics_IRB_Submission_Index_v1.0_RU.xlsx,05_Clinical,xlsx,5800,no,no
Submission_Build_v2.8/05_Clinical/Uroflow_Ethics_Submission_Cover_Letter_v1.0_RU.docx,05_Clinical,docx,38665,no,no
Submission_Build_v2.8/05_Clinical/Uroflow_ICF_PIS_v1.0_EN.docx,05_Clinical,docx,38830,no,no
Submission_Build_v2.8/05_Clinical/Uroflow_ICF_PIS_v1.0_RU.docx,05_Clinical,docx,39614,no,no
Submission_Build_v2.8/05_Clinical/Uroflow_P0_Pilot_Readiness_DR2_GoNoGo_v1.0_RU.docx,05_Clinical,docx,41574,no,no
Submission_Build_v2.8/05_Clinical/Uroflow_P0_Pilot_Readiness_Evidence_Manifest_v1.0.xlsx,05_Clinical,xlsx,7543,yes,no
Submission_Build_v2.8/05_Clinical/Uroflow_Pilot_Config_Freeze_Record_v1.0_RU.docx,05_Clinical,docx,38170,no,no
Submission_Build_v2.8/05_Clinical/Uroflow_Pilot_Daily_Brief_Template_v1.0_EN.docx,05_Clinical,docx,37645,no,no
Submission_Build_v2.8/05_Clinical/Uroflow_Pilot_Daily_Brief_Template_v1.0_RU.docx,05_Clinical,docx,38042,no,no
Submission_Build_v2.8/05_Clinical/Uroflow_Pilot_DryRun_End2End_Report_v1.0_RU.docx,05_Clinical,docx,39260,no,no
Submission_Build_v2.8/05_Clinical/Uroflow_Pilot_Execution_Runbook_v1.0_EN.docx,05_Clinical,docx,39524,no,no
Submission_Build_v2.8/05_Clinical/Uroflow_Pilot_Execution_Runbook_v1.0_RU.docx,05_Clinical,docx,40805,no,no
Submission_Build_v2.8/05_Clinical/Uroflow_Pilot_Issue_Log_v1.0.xlsx,05_Clinical,xlsx,12511,yes,no
Submission_Build_v2.8/05_Clinical/Uroflow_Pilot_Site_Logs_and_Checklists_v1.0.xlsx,05_Clinical,xlsx,8799,no,no
Submission_Build_v2.8/05_Clinical/Uroflow_Pilot_Site_Readiness_Checklist_v1.0_RU.xlsx,05_Clinical,xlsx,6467,no,no
Submission_Build_v2.8/05_Clinical/Uroflow_Recruitment_Materials_v1.0_RU.docx,05_Clinical,docx,38419,no,no
Submission_Build_v2.8/05_Clinical/Uroflow_SAP_MethodComparison_v1.0.docx,05_Clinical,docx,43486,no,no
Submission_Build_v2.8/05_Clinical/Uroflow_Smartphone_Design_Clinical_Package_v1.0.docx,05_Clinical,docx,43387,no,no
Submission_Build_v2.8/06_EU_MDR/Annex_II_III_Submission_Folder/1_Device_Description/Uroflow_EU_MDR_Device_Description_and_Specification_v1.0_EN.docx,06_EU_MDR,docx,38369,no,no
Submission_Build_v2.8/06_EU_MDR/Annex_II_III_Submission_Folder/1_Device_Description/Uroflow_EU_MDR_Technical_Documentation_AnnexII_III_Pack_v1.0_EN.docx,06_EU_MDR,docx,39015,no,no
Submission_Build_v2.8/06_EU_MDR/Annex_II_III_Submission_Folder/2_Information_Supplied/Sample_Report.pdf,06_EU_MDR,pdf,107049,no,no
Submission_Build_v2.8/06_EU_MDR/Annex_II_III_Submission_Folder/2_Information_Supplied/Uroflow_IFU_Draft_v1.0_EN.docx,06_EU_MDR,docx,38490,no,no
Submission_Build_v2.8/06_EU_MDR/Annex_II_III_Submission_Folder/2_Information_Supplied/Uroflow_IFU_Draft_v1.0_RU.docx,06_EU_MDR,docx,39282,no,no
Submission_Build_v2.8/06_EU_MDR/Annex_II_III_Submission_Folder/2_Information_Supplied/Uroflow_Labeling_Claims_Alignment_v1.0_RU.docx,06_EU_MDR,docx,38949,no,no
Submission_Build_v2.8/06_EU_MDR/Annex_II_III_Submission_Folder/3_Design_and_Manufacturing/Uroflow_EU_MDR_Design_and_Manufacturing_Information_v1.0_EN.docx,06_EU_MDR,docx,38114,no,no
Submission_Build_v2.8/06_EU_MDR/Annex_II_III_Submission_Folder/3_Design_and_Manufacturing/Uroflow_EU_MDR_Software_Architecture_Description_v1.0_EN.docx,06_EU_MDR,docx,38681,no,no
Submission_Build_v2.8/06_EU_MDR/Annex_II_III_Submission_Folder/3_Design_and_Manufacturing/Uroflow_EU_SoUP_Register_v1.0.xlsx,06_EU_MDR,xlsx,7005,no,no
Submission_Build_v2.8/06_EU_MDR/Annex_II_III_Submission_Folder/3_Design_and_Manufacturing/Uroflow_QMS_DesignControls_Execution_Pack_v1.0_RU.docx,06_EU_MDR,docx,41343,no,no
Submission_Build_v2.8/06_EU_MDR/Annex_II_III_Submission_Folder/3_Design_and_Manufacturing/Uroflow_QMS_Forms_and_Registers_v1.1_EXECUTED.xlsx,06_EU_MDR,xlsx,13809,yes,no
Submission_Build_v2.8/06_EU_MDR/Annex_II_III_Submission_Folder/3_Design_and_Manufacturing/Uroflow_QMS_SOP_Pack_v1.0_RU.docx,06_EU_MDR,docx,41608,no,no
Submission_Build_v2.8/06_EU_MDR/Annex_II_III_Submission_Folder/3_Design_and_Manufacturing/Uroflow_Software_Release_and_Update_Policy_v1.0_RU.docx,06_EU_MDR,docx,39757,no,no
Submission_Build_v2.8/06_EU_MDR/Annex_II_III_Submission_Folder/4_GSPR/Uroflow_EU_MDR_GSPR_Checklist_AnnexI_v1.1_EXECUTED.xlsx,06_EU_MDR,xlsx,10588,no,no
Submission_Build_v2.8/06_EU_MDR/Annex_II_III_Submission_Folder/4_GSPR/Uroflow_EU_MDR_GSPR_Checklist_AnnexI_v1.2_EXECUTED_AUTO.xlsx,06_EU_MDR,xlsx,12833,no,no
Submission_Build_v2.8/06_EU_MDR/Annex_II_III_Submission_Folder/4_GSPR/Uroflow_EU_MDR_GSPR_Checklist_AnnexI_v1.3_EXECUTED_EVIDENCE_AUTO.xlsx,06_EU_MDR,xlsx,13865,yes,no
Submission_Build_v2.8/06_EU_MDR/Annex_II_III_Submission_Folder/5_Risk_Management/Uroflow_Residual_Risk_and_BenefitRisk_v1.0_RU.docx,06_EU_MDR,docx,38689,no,no
Submission_Build_v2.8/06_EU_MDR/Annex_II_III_Submission_Folder/5_Risk_Management/Uroflow_Risk_Analysis_HazardLog_FMEA_v1.0.xlsx,06_EU_MDR,xlsx,10752,no,no
Submission_Build_v2.8/06_EU_MDR/Annex_II_III_Submission_Folder/5_Risk_Management/Uroflow_Risk_Control_Verification_Matrix_v1.0.xlsx,06_EU_MDR,xlsx,8857,no,no
Submission_Build_v2.8/06_EU_MDR/Annex_II_III_Submission_Folder/5_Risk_Management/Uroflow_Risk_Management_Plan_ISO14971_v1.0_RU.docx,06_EU_MDR,docx,40476,no,no
Submission_Build_v2.8/06_EU_MDR/Annex_II_III_Submission_Folder/5_Risk_Management/Uroflow_Risk_Management_Report_ISO14971_v1.0_RU.docx,06_EU_MDR,docx,38662,no,no
Submission_Build_v2.8/06_EU_MDR/Annex_II_III_Submission_Folder/6_Verification_and_Validation/Uroflow_Bench_SOP_BOM_v1.0.docx,06_EU_MDR,docx,107373,no,no
Submission_Build_v2.8/06_EU_MDR/Annex_II_III_Submission_Folder/6_Verification_and_Validation/Uroflow_Clinical_Protocol_v1.0_EN.docx,06_EU_MDR,docx,41292,no,no
Submission_Build_v2.8/06_EU_MDR/Annex_II_III_Submission_Folder/6_Verification_and_Validation/Uroflow_Cybersecurity_Engineering_File_v1.0_RU.docx,06_EU_MDR,docx,39768,no,no
Submission_Build_v2.8/06_EU_MDR/Annex_II_III_Submission_Folder/6_Verification_and_Validation/Uroflow_EU_MDR_Clinical_Evaluation_Plan_CEP_v1.0_EN.docx,06_EU_MDR,docx,39858,no,no
Submission_Build_v2.8/06_EU_MDR/Annex_II_III_Submission_Folder/6_Verification_and_Validation/Uroflow_EU_MDR_Clinical_Evaluation_Report_CER_v1.0_EN.docx,06_EU_MDR,docx,39758,no,no
Submission_Build_v2.8/06_EU_MDR/Annex_II_III_Submission_Folder/6_Verification_and_Validation/Uroflow_EU_MDR_Literature_Extraction_Sheet_v1.0.xlsx,06_EU_MDR,xlsx,7212,no,no
Submission_Build_v2.8/06_EU_MDR/Annex_II_III_Submission_Folder/6_Verification_and_Validation/Uroflow_EU_MDR_Literature_Search_Protocol_LSP_v1.0_EN.docx,06_EU_MDR,docx,38724,no,no
Submission_Build_v2.8/06_EU_MDR/Annex_II_III_Submission_Folder/6_Verification_and_Validation/Uroflow_Golden_Dataset_Acquisition_SOP_v1.0_RU.docx,06_EU_MDR,docx,39481,no,no
Submission_Build_v2.8/06_EU_MDR/Annex_II_III_Submission_Folder/6_Verification_and_Validation/Uroflow_Golden_Dataset_Plan_v1.0_RU.docx,06_EU_MDR,docx,41767,no,no
Submission_Build_v2.8/06_EU_MDR/Annex_II_III_Submission_Folder/6_Verification_and_Validation/Uroflow_HFE_Summative_Validation_Plan_v1.0_RU.docx,06_EU_MDR,docx,40010,no,no
Submission_Build_v2.8/06_EU_MDR/Annex_II_III_Submission_Folder/6_Verification_and_Validation/Uroflow_HFE_Usability_Engineering_File_v1.0_RU.docx,06_EU_MDR,docx,41019,no,no
Submission_Build_v2.8/06_EU_MDR/Annex_II_III_Submission_Folder/6_Verification_and_Validation/Uroflow_SAP_MethodComparison_v1.0.docx,06_EU_MDR,docx,43486,no,no
Submission_Build_v2.8/06_EU_MDR/Annex_II_III_Submission_Folder/6_Verification_and_Validation/Uroflow_SBOM_Template_v1.0.xlsx,06_EU_MDR,xlsx,6575,no,no
Submission_Build_v2.8/06_EU_MDR/Annex_II_III_Submission_Folder/6_Verification_and_Validation/Uroflow_Security_Test_Report_Template_v1.0_RU.docx,06_EU_MDR,docx,39093,no,no
Submission_Build_v2.8/06_EU_MDR/Annex_II_III_Submission_Folder/6_Verification_and_Validation/Uroflow_Smartphone_Algorithm_Spec_v1.1_Fusion_CoreML.docx,06_EU_MDR,docx,42067,no,no
Submission_Build_v2.8/06_EU_MDR/Annex_II_III_Submission_Folder/6_Verification_and_Validation/Uroflow_Software_System_VV_Plan_v1.0_EN.docx,06_EU_MDR,docx,39164,no,no
Submission_Build_v2.8/06_EU_MDR/Annex_II_III_Submission_Folder/6_Verification_and_Validation/Uroflow_Software_System_VV_Report_v1.0_EN.docx,06_EU_MDR,docx,38291,no,no
Submission_Build_v2.8/06_EU_MDR/Annex_II_III_Submission_Folder/6_Verification_and_Validation/Uroflow_Threat_Model_STRIDE_v1.0.xlsx,06_EU_MDR,xlsx,10823,yes,no
Submission_Build_v2.8/06_EU_MDR/Annex_II_III_Submission_Folder/6_Verification_and_Validation/Uroflow_VV_Evidence_Matrix_v1.0.xlsx,06_EU_MDR,xlsx,7642,no,no
Submission_Build_v2.8/06_EU_MDR/Annex_II_III_Submission_Folder/Annex_III_PMS/Uroflow_PMCF_Plan_v1.0_RU.docx,06_EU_MDR,docx,39342,no,no
Submission_Build_v2.8/06_EU_MDR/Annex_II_III_Submission_Folder/Annex_III_PMS/Uroflow_PMS_Forms_and_Registers_v1.0.xlsx,06_EU_MDR,xlsx,9997,no,no
Submission_Build_v2.8/06_EU_MDR/Annex_II_III_Submission_Folder/Annex_III_PMS/Uroflow_PMS_Plan_EU_MDR_AnnexIII_v1.0_RU.docx,06_EU_MDR,docx,39749,no,no
Submission_Build_v2.8/06_EU_MDR/Annex_II_III_Submission_Folder/Annex_III_PMS/Uroflow_PSUR_Template_v1.0_RU.docx,06_EU_MDR,docx,38008,no,no
Submission_Build_v2.8/06_EU_MDR/Annex_II_III_Submission_Folder/EU_MDR_AnnexII_III_Submission_Folder_Index_v2.2.xlsx,06_EU_MDR,xlsx,7044,no,no
Submission_Build_v2.8/06_EU_MDR/Annex_II_III_Submission_Folder/EU_MDR_AnnexII_III_Submission_Folder_Index_v2.3.xlsx,06_EU_MDR,xlsx,6902,no,no
Submission_Build_v2.8/06_EU_MDR/Annex_II_III_Submission_Folder/EU_MDR_AnnexII_III_Submission_Folder_Index_v2.4.xlsx,06_EU_MDR,xlsx,6955,yes,no
Submission_Build_v2.8/06_EU_MDR/Uroflow_EU_MDR_AnnexII_III_Master_Index_v1.0_EXECUTED.xlsx,06_EU_MDR,xlsx,13438,no,no
Submission_Build_v2.8/06_EU_MDR/Uroflow_EU_MDR_AnnexII_III_Master_Index_v1.1_EXECUTED.xlsx,06_EU_MDR,xlsx,13458,yes,no
Submission_Build_v2.8/06_EU_MDR/Uroflow_EU_MDR_Clinical_Evaluation_Plan_CEP_v1.0_EN.docx,06_EU_MDR,docx,39858,no,no
Submission_Build_v2.8/06_EU_MDR/Uroflow_EU_MDR_Clinical_Evaluation_Plan_CEP_v1.0_RU.docx,06_EU_MDR,docx,39019,no,no
Submission_Build_v2.8/06_EU_MDR/Uroflow_EU_MDR_Clinical_Evaluation_Report_CER_v1.0_EN.docx,06_EU_MDR,docx,39758,no,no
Submission_Build_v2.8/06_EU_MDR/Uroflow_EU_MDR_Clinical_Evaluation_Report_CER_v1.0_RU.docx,06_EU_MDR,docx,38788,no,no
Submission_Build_v2.8/06_EU_MDR/Uroflow_EU_MDR_Design_and_Manufacturing_Information_v1.0_EN.docx,06_EU_MDR,docx,38114,no,no
Submission_Build_v2.8/06_EU_MDR/Uroflow_EU_MDR_Device_Description_and_Specification_v1.0_EN.docx,06_EU_MDR,docx,38369,no,no
Submission_Build_v2.8/06_EU_MDR/Uroflow_EU_MDR_GSPR_Checklist_AnnexI_v1.0.xlsx,06_EU_MDR,xlsx,9053,no,no
Submission_Build_v2.8/06_EU_MDR/Uroflow_EU_MDR_GSPR_Checklist_AnnexI_v1.1_EXECUTED.xlsx,06_EU_MDR,xlsx,10588,no,no
Submission_Build_v2.8/06_EU_MDR/Uroflow_EU_MDR_GSPR_Checklist_AnnexI_v1.2_EXECUTED_AUTO.xlsx,06_EU_MDR,xlsx,12833,no,no
Submission_Build_v2.8/06_EU_MDR/Uroflow_EU_MDR_GSPR_Checklist_AnnexI_v1.3_EXECUTED_EVIDENCE_AUTO.xlsx,06_EU_MDR,xlsx,13865,yes,no
Submission_Build_v2.8/06_EU_MDR/Uroflow_EU_MDR_Literature_Extraction_Sheet_v1.0.xlsx,06_EU_MDR,xlsx,7212,no,no
Submission_Build_v2.8/06_EU_MDR/Uroflow_EU_MDR_Literature_Search_Protocol_LSP_v1.0_EN.docx,06_EU_MDR,docx,38724,no,no
Submission_Build_v2.8/06_EU_MDR/Uroflow_EU_MDR_Software_Architecture_Description_v1.0_EN.docx,06_EU_MDR,docx,38681,no,no
Submission_Build_v2.8/06_EU_MDR/Uroflow_EU_MDR_Technical_Documentation_AnnexII_III_Pack_v1.0_EN.docx,06_EU_MDR,docx,39015,no,no
Submission_Build_v2.8/06_EU_MDR/Uroflow_EU_MDR_Technical_File_Index_AnnexII_III_v1.0.xlsx,06_EU_MDR,xlsx,7642,no,no
Submission_Build_v2.8/06_EU_MDR/Uroflow_EU_SoUP_Register_v1.0.xlsx,06_EU_MDR,xlsx,7005,no,no
Submission_Build_v2.8/06_EU_MDR/Uroflow_PMS_Plan_EU_MDR_AnnexIII_v1.0_RU.docx,06_EU_MDR,docx,39749,no,no
Submission_Build_v2.8/07_US_FDA/FDA_Submission_Folder/A_Administrative/Uroflow_Acceptance_Criteria_Lock_Record_v1.0_EN.docx,07_US_FDA,docx,37565,no,no
Submission_Build_v2.8/07_US_FDA/FDA_Submission_Folder/A_Administrative/Uroflow_Claims_Lock_Record_v1.0_EN.docx,07_US_FDA,docx,37872,no,no
Submission_Build_v2.8/07_US_FDA/FDA_Submission_Folder/A_Administrative/Uroflow_FDA_Software_Documentation_Index_v1.0.xlsx,07_US_FDA,xlsx,6558,yes,no
Submission_Build_v2.8/07_US_FDA/FDA_Submission_Folder/B_Software_Documentation/Uroflow_EU_MDR_Software_Architecture_Description_v1.0_EN.docx,07_US_FDA,docx,38681,no,no
Submission_Build_v2.8/07_US_FDA/FDA_Submission_Folder/B_Software_Documentation/Uroflow_FDA_Software_Documentation_Bundle_v1.0_EN.docx,07_US_FDA,docx,38626,no,no
Submission_Build_v2.8/07_US_FDA/FDA_Submission_Folder/B_Software_Documentation/Uroflow_FDA_Software_Revision_History_Log_v1.1_BASELINE.xlsx,07_US_FDA,xlsx,6249,yes,no
Submission_Build_v2.8/07_US_FDA/FDA_Submission_Folder/B_Software_Documentation/Uroflow_FDA_Unresolved_Anomalies_Log_v1.1_BASELINE.xlsx,07_US_FDA,xlsx,6184,yes,no
Submission_Build_v2.8/07_US_FDA/FDA_Submission_Folder/B_Software_Documentation/Uroflow_Software_System_VV_Plan_v1.0_EN.docx,07_US_FDA,docx,39164,no,no
Submission_Build_v2.8/07_US_FDA/FDA_Submission_Folder/B_Software_Documentation/Uroflow_Software_System_VV_Report_v1.0_EN.docx,07_US_FDA,docx,38291,no,no
Submission_Build_v2.8/07_US_FDA/FDA_Submission_Folder/B_Software_Documentation/Uroflow_VV_Evidence_Matrix_v1.0.xlsx,07_US_FDA,xlsx,7642,no,no
Submission_Build_v2.8/07_US_FDA/FDA_Submission_Folder/C_Cybersecurity/Uroflow_Cybersecurity_Engineering_File_v1.0_RU.docx,07_US_FDA,docx,39768,no,no
Submission_Build_v2.8/07_US_FDA/FDA_Submission_Folder/C_Cybersecurity/Uroflow_FDA_Cybersecurity_Submission_Package_v1.0_EN.docx,07_US_FDA,docx,37798,no,no
Submission_Build_v2.8/07_US_FDA/FDA_Submission_Folder/C_Cybersecurity/Uroflow_SBOM_Template_v1.0.xlsx,07_US_FDA,xlsx,6575,no,no
Submission_Build_v2.8/07_US_FDA/FDA_Submission_Folder/C_Cybersecurity/Uroflow_Security_Test_Report_Template_v1.0_RU.docx,07_US_FDA,docx,39093,no,no
Submission_Build_v2.8/07_US_FDA/FDA_Submission_Folder/C_Cybersecurity/Uroflow_Software_Release_and_Update_Policy_v1.0_RU.docx,07_US_FDA,docx,39757,no,no
Submission_Build_v2.8/07_US_FDA/FDA_Submission_Folder/C_Cybersecurity/Uroflow_Threat_Model_STRIDE_v1.0.xlsx,07_US_FDA,xlsx,10823,yes,no
Submission_Build_v2.8/07_US_FDA/FDA_Submission_Folder/C_Cybersecurity/Uroflow_Vulnerability_Disclosure_and_Incident_Response_v1.0_RU.docx,07_US_FDA,docx,39287,no,no
Submission_Build_v2.8/07_US_FDA/FDA_Submission_Folder/D_Clinical_Performance/Uroflow_Clinical_Protocol_v1.0_EN.docx,07_US_FDA,docx,41292,no,no
Submission_Build_v2.8/07_US_FDA/FDA_Submission_Folder/D_Clinical_Performance/Uroflow_CSR_Template_v1.0.docx,07_US_FDA,docx,40927,no,no
Submission_Build_v2.8/07_US_FDA/FDA_Submission_Folder/D_Clinical_Performance/Uroflow_CSR_Template_v1.1_AUTOFILL.docx,07_US_FDA,docx,41234,no,no
Submission_Build_v2.8/07_US_FDA/FDA_Submission_Folder/D_Clinical_Performance/Uroflow_CSR_Template_v1.1_AUTOFILL_RU.docx,07_US_FDA,docx,41397,no,no
Submission_Build_v2.8/07_US_FDA/FDA_Submission_Folder/D_Clinical_Performance/Uroflow_SAP_MethodComparison_v1.0.docx,07_US_FDA,docx,43486,no,no
Submission_Build_v2.8/07_US_FDA/FDA_Submission_Folder/E_Risk_QMS/Uroflow_QMS_Forms_and_Registers_v1.1_EXECUTED.xlsx,07_US_FDA,xlsx,13809,yes,no
Submission_Build_v2.8/07_US_FDA/FDA_Submission_Folder/E_Risk_QMS/Uroflow_QMS_SOP_Pack_v1.0_RU.docx,07_US_FDA,docx,41608,no,no
Submission_Build_v2.8/07_US_FDA/FDA_Submission_Folder/E_Risk_QMS/Uroflow_Risk_Management_Plan_ISO14971_v1.0_RU.docx,07_US_FDA,docx,40476,no,no
Submission_Build_v2.8/07_US_FDA/FDA_Submission_Folder/E_Risk_QMS/Uroflow_Risk_Management_Report_ISO14971_v1.0_RU.docx,07_US_FDA,docx,38662,no,no
Submission_Build_v2.8/07_US_FDA/FDA_Submission_Folder/FDA_Submission_Folder_Index_v2.2.xlsx,07_US_FDA,xlsx,6289,no,no
Submission_Build_v2.8/07_US_FDA/Uroflow_FDA_Cybersecurity_Submission_Package_v1.0_EN.docx,07_US_FDA,docx,37798,no,no
Submission_Build_v2.8/07_US_FDA/Uroflow_FDA_Software_Documentation_Bundle_v1.0_EN.docx,07_US_FDA,docx,38626,no,no
Submission_Build_v2.8/07_US_FDA/Uroflow_FDA_Software_Documentation_Index_v1.0.xlsx,07_US_FDA,xlsx,6558,yes,no
Submission_Build_v2.8/07_US_FDA/Uroflow_FDA_Software_Revision_History_Log_v1.0.xlsx,07_US_FDA,xlsx,6206,no,no
Submission_Build_v2.8/07_US_FDA/Uroflow_FDA_Software_Revision_History_Log_v1.1_BASELINE.xlsx,07_US_FDA,xlsx,6249,yes,no
Submission_Build_v2.8/07_US_FDA/Uroflow_FDA_Unresolved_Anomalies_Log_v1.0.xlsx,07_US_FDA,xlsx,6286,no,no
Submission_Build_v2.8/07_US_FDA/Uroflow_FDA_Unresolved_Anomalies_Log_v1.1_BASELINE.xlsx,07_US_FDA,xlsx,6184,yes,no
Submission_Build_v2.8/08_Privacy_and_Security/Cybersecurity/Uroflow_Cybersecurity_Engineering_File_v1.0_RU.docx,08_Privacy_and_Security,docx,39768,no,no
Submission_Build_v2.8/08_Privacy_and_Security/Cybersecurity/Uroflow_SBOM_Template_v1.0.xlsx,08_Privacy_and_Security,xlsx,6575,no,no
Submission_Build_v2.8/08_Privacy_and_Security/Cybersecurity/Uroflow_Security_Test_Checklist_and_Regression_v1.0.xlsx,08_Privacy_and_Security,xlsx,10791,no,no
Submission_Build_v2.8/08_Privacy_and_Security/Cybersecurity/Uroflow_Security_Test_Report_Template_v1.0_RU.docx,08_Privacy_and_Security,docx,39093,no,no
Submission_Build_v2.8/08_Privacy_and_Security/Cybersecurity/Uroflow_Threat_Model_STRIDE_v1.0.xlsx,08_Privacy_and_Security,xlsx,10823,yes,no
Submission_Build_v2.8/08_Privacy_and_Security/Cybersecurity/Uroflow_Vulnerability_Disclosure_and_Incident_Response_v1.0_RU.docx,08_Privacy_and_Security,docx,39287,no,no
Submission_Build_v2.8/08_Privacy_and_Security/Privacy/Uroflow_Data_Privacy_Architecture_v1.0_EN.docx,08_Privacy_and_Security,docx,38506,no,no
Submission_Build_v2.8/08_Privacy_and_Security/Privacy/Uroflow_Data_Privacy_Architecture_v1.0_RU.docx,08_Privacy_and_Security,docx,39158,no,no
Submission_Build_v2.8/08_Privacy_and_Security/Privacy/Uroflow_DPIA_GDPR_v1.0_EN.docx,08_Privacy_and_Security,docx,39174,no,no
Submission_Build_v2.8/08_Privacy_and_Security/Privacy/Uroflow_PIPL_SensitivePI_Checklist_v1.0_EN.docx,08_Privacy_and_Security,docx,37952,no,no
Submission_Build_v2.8/08_Privacy_and_Security/Privacy/Uroflow_Privacy_Compliance_Workbook_v1.0.xlsx,08_Privacy_and_Security,xlsx,10030,yes,no
Submission_Build_v2.8/08_Privacy_and_Security/Privacy/Uroflow_RU_152FZ_Data_Localization_Compliance_Note_v1.0_RU.docx,08_Privacy_and_Security,docx,38323,no,no
Submission_Build_v2.8/09_HFE_Usability/Uroflow_HFE_Observation_Forms_and_Questionnaires_v1.0.xlsx,09_HFE_Usability,xlsx,26128,yes,no
Submission_Build_v2.8/09_HFE_Usability/Uroflow_HFE_Summative_Validation_Plan_v1.0_RU.docx,09_HFE_Usability,docx,40010,no,no
Submission_Build_v2.8/09_HFE_Usability/Uroflow_HFE_Summative_Validation_Report_Template_v1.0_RU.docx,09_HFE_Usability,docx,41067,no,no
Submission_Build_v2.8/09_HFE_Usability/Uroflow_HFE_Usability_Engineering_File_v1.0_RU.docx,09_HFE_Usability,docx,41019,no,no
Submission_Build_v2.8/09_HFE_Usability/Uroflow_HFE_Use_Related_Risk_Analysis_URRA_v1.0.xlsx,09_HFE_Usability,xlsx,6632,no,no
Submission_Build_v2.8/10_Pilot_Automation/config/csr_autodraft_config.json,10_Pilot_Automation,json,1676,no,yes
Submission_Build_v2.8/10_Pilot_Automation/config/freeze_config_template.json,10_Pilot_Automation,json,731,no,yes
Submission_Build_v2.8/10_Pilot_Automation/config/g1_acceptance_config.json,10_Pilot_Automation,json,275,no,yes
Submission_Build_v2.8/10_Pilot_Automation/config/g2_bundle_config.json,10_Pilot_Automation,json,319,no,yes
Submission_Build_v2.8/10_Pilot_Automation/config/metrics_config.json,10_Pilot_Automation,json,1069,no,yes
Submission_Build_v2.8/10_Pilot_Automation/config/pilotfreeze_extra_includes.txt,10_Pilot_Automation,text,629,no,yes
Submission_Build_v2.8/10_Pilot_Automation/config/qa_config.json,10_Pilot_Automation,json,3109,no,yes
Submission_Build_v2.8/10_Pilot_Automation/outputs/2026-02-24/checksums.sha256,10_Pilot_Automation,other,276,no,no
Submission_Build_v2.8/10_Pilot_Automation/outputs/2026-02-24/daily_qa_report.pdf,10_Pilot_Automation,pdf,1889,no,no
Submission_Build_v2.8/10_Pilot_Automation/outputs/2026-02-24/daily_qa_report.xlsx,10_Pilot_Automation,xlsx,5980,no,no
Submission_Build_v2.8/10_Pilot_Automation/outputs/2026-02-24/qa_record_level.csv,10_Pilot_Automation,csv,282,no,no
Submission_Build_v2.8/10_Pilot_Automation/outputs/2026-02-24/qa_summary.json,10_Pilot_Automation,json,476,no,no
Submission_Build_v2.8/10_Pilot_Automation/outputs/freeze_bundle_GOLDEN_DS_YYYYMMDD_v1_MODEL_XYZ_1.0_20260224_125228/dataset_card/dataset_card_auto.md,10_Pilot_Automation,other,336,no,no
Submission_Build_v2.8/10_Pilot_Automation/outputs/freeze_bundle_GOLDEN_DS_YYYYMMDD_v1_MODEL_XYZ_1.0_20260224_125228/freeze_config/freeze_config_template.json,10_Pilot_Automation,json,731,no,no
Submission_Build_v2.8/10_Pilot_Automation/outputs/freeze_bundle_GOLDEN_DS_YYYYMMDD_v1_MODEL_XYZ_1.0_20260224_125228/freeze_manifest.json,10_Pilot_Automation,json,759,no,no
Submission_Build_v2.8/10_Pilot_Automation/outputs/freeze_bundle_GOLDEN_DS_YYYYMMDD_v1_MODEL_XYZ_1.0_20260224_125228/manifest/manifest.csv,10_Pilot_Automation,csv,736,no,no
Submission_Build_v2.8/10_Pilot_Automation/outputs/FreezeBundle_GOLDEN_DS_YYYYMMDD_v1_MODEL_XYZ_1.0_20260224_125228.zip,10_Pilot_Automation,zip,2021,no,no
Submission_Build_v2.8/10_Pilot_Automation/outputs/pilotfreeze_tree_dryrun/pilotfreeze_tree_manifest.txt,10_Pilot_Automation,text,7468,no,no
Submission_Build_v2.8/10_Pilot_Automation/outputs/pilotfreeze_tree_dryrun/pilotfreeze_tree_missing.csv,10_Pilot_Automation,csv,17,no,no
Submission_Build_v2.8/10_Pilot_Automation/README_Pilot_Automation_v1.0_EN.txt,10_Pilot_Automation,text,1602,no,yes
Submission_Build_v2.8/10_Pilot_Automation/README_Pilot_Automation_v1.0_RU.txt,10_Pilot_Automation,text,3534,no,yes
Submission_Build_v2.8/10_Pilot_Automation/README_Pilot_Automation_v1.1_EN.txt,10_Pilot_Automation,text,1273,no,yes
Submission_Build_v2.8/10_Pilot_Automation/README_Pilot_Automation_v1.1_RU.txt,10_Pilot_Automation,text,1913,no,yes
Submission_Build_v2.8/10_Pilot_Automation/README_Pilot_Automation_v1.2_EN.txt,10_Pilot_Automation,text,1784,no,yes
Submission_Build_v2.8/10_Pilot_Automation/README_Pilot_Automation_v1.2_RU.txt,10_Pilot_Automation,text,2249,no,yes
Submission_Build_v2.8/10_Pilot_Automation/requirements_full.txt,10_Pilot_Automation,text,62,no,yes
Submission_Build_v2.8/10_Pilot_Automation/requirements_minimal.txt,10_Pilot_Automation,text,32,no,yes
Submission_Build_v2.8/10_Pilot_Automation/run_csr_autodraft_oneclick.bat,10_Pilot_Automation,batch,1079,no,yes
Submission_Build_v2.8/10_Pilot_Automation/run_csr_autodraft_oneclick.sh,10_Pilot_Automation,shell,1128,no,yes
Submission_Build_v2.8/10_Pilot_Automation/run_daily_qa_oneclick.bat,10_Pilot_Automation,batch,392,no,yes
Submission_Build_v2.8/10_Pilot_Automation/run_daily_qa_oneclick.sh,10_Pilot_Automation,shell,451,no,yes
Submission_Build_v2.8/10_Pilot_Automation/run_dhf_status_update_oneclick.bat,10_Pilot_Automation,batch,520,no,yes
Submission_Build_v2.8/10_Pilot_Automation/run_dhf_status_update_oneclick.sh,10_Pilot_Automation,shell,535,no,yes
Submission_Build_v2.8/10_Pilot_Automation/run_drift_dashboard_oneclick.bat,10_Pilot_Automation,batch,354,no,yes
Submission_Build_v2.8/10_Pilot_Automation/run_drift_dashboard_oneclick.sh,10_Pilot_Automation,shell,423,no,yes
Submission_Build_v2.8/10_Pilot_Automation/run_eu_master_index_oneclick.bat,10_Pilot_Automation,batch,768,no,yes
Submission_Build_v2.8/10_Pilot_Automation/run_eu_master_index_oneclick.sh,10_Pilot_Automation,shell,829,no,yes
Submission_Build_v2.8/10_Pilot_Automation/run_g1_evidence_oneclick.bat,10_Pilot_Automation,batch,592,no,yes
Submission_Build_v2.8/10_Pilot_Automation/run_g1_evidence_oneclick.sh,10_Pilot_Automation,shell,637,no,yes
Submission_Build_v2.8/10_Pilot_Automation/run_g2_bundle_oneclick.bat,10_Pilot_Automation,batch,414,no,yes
Submission_Build_v2.8/10_Pilot_Automation/run_g2_bundle_oneclick.sh,10_Pilot_Automation,shell,480,no,yes
Submission_Build_v2.8/10_Pilot_Automation/run_gspr_autofill_oneclick.bat,10_Pilot_Automation,batch,653,no,yes
Submission_Build_v2.8/10_Pilot_Automation/run_gspr_autofill_oneclick.sh,10_Pilot_Automation,shell,714,no,yes
Submission_Build_v2.8/10_Pilot_Automation/run_gspr_evidence_autofill_oneclick.bat,10_Pilot_Automation,batch,651,no,yes
Submission_Build_v2.8/10_Pilot_Automation/run_gspr_evidence_autofill_oneclick.sh,10_Pilot_Automation,shell,666,no,yes
Submission_Build_v2.8/10_Pilot_Automation/run_pilotfreeze_tree_oneclick.bat,10_Pilot_Automation,batch,908,no,yes
Submission_Build_v2.8/10_Pilot_Automation/run_pilotfreeze_tree_oneclick.sh,10_Pilot_Automation,shell,914,no,yes
Submission_Build_v2.8/10_Pilot_Automation/run_tfl_oneclick.bat,10_Pilot_Automation,batch,448,no,yes
Submission_Build_v2.8/10_Pilot_Automation/run_tfl_oneclick.sh,10_Pilot_Automation,shell,503,no,yes
Submission_Build_v2.8/10_Pilot_Automation/sample/sample_dataset/manifest.csv,10_Pilot_Automation,csv,736,no,no
Submission_Build_v2.8/10_Pilot_Automation/sample/sample_dataset/records/R000001/audio.wav,10_Pilot_Automation,audio,2400044,no,no
Submission_Build_v2.8/10_Pilot_Automation/sample/sample_dataset/records/R000001/meta.json,10_Pilot_Automation,json,113,no,no
Submission_Build_v2.8/10_Pilot_Automation/sample/sample_dataset/records/R000001/Q_ref.csv,10_Pilot_Automation,csv,3720,no,no
Submission_Build_v2.8/10_Pilot_Automation/sample/sample_dataset_v1.1/manifest.csv,10_Pilot_Automation,csv,5765,no,no
Submission_Build_v2.8/10_Pilot_Automation/sample/sample_dataset_v1.1/README.txt,10_Pilot_Automation,text,185,no,no
Submission_Build_v2.8/10_Pilot_Automation/sample/sample_dataset_v1.1/records/R000001/app_result.json,10_Pilot_Automation,json,247,no,no
Submission_Build_v2.8/10_Pilot_Automation/sample/sample_dataset_v1.1/records/R000001/meta.json,10_Pilot_Automation,json,108,no,no
Submission_Build_v2.8/10_Pilot_Automation/sample/sample_dataset_v1.1/records/R000001/Q_pred.csv,10_Pilot_Automation,csv,4510,no,no
Submission_Build_v2.8/10_Pilot_Automation/sample/sample_dataset_v1.1/records/R000001/Q_ref.csv,10_Pilot_Automation,csv,4491,no,no
Submission_Build_v2.8/10_Pilot_Automation/sample/sample_dataset_v1.1/records/R000002/app_result.json,10_Pilot_Automation,json,246,no,no
Submission_Build_v2.8/10_Pilot_Automation/sample/sample_dataset_v1.1/records/R000002/meta.json,10_Pilot_Automation,json,108,no,no
Submission_Build_v2.8/10_Pilot_Automation/sample/sample_dataset_v1.1/records/R000002/Q_pred.csv,10_Pilot_Automation,csv,5200,no,no
Submission_Build_v2.8/10_Pilot_Automation/sample/sample_dataset_v1.1/records/R000002/Q_ref.csv,10_Pilot_Automation,csv,5177,no,no
Submission_Build_v2.8/10_Pilot_Automation/sample/sample_dataset_v1.1/records/R000003/app_result.json,10_Pilot_Automation,json,247,no,no
Submission_Build_v2.8/10_Pilot_Automation/sample/sample_dataset_v1.1/records/R000003/meta.json,10_Pilot_Automation,json,108,no,no
Submission_Build_v2.8/10_Pilot_Automation/sample/sample_dataset_v1.1/records/R000003/Q_pred.csv,10_Pilot_Automation,csv,5290,no,no
Submission_Build_v2.8/10_Pilot_Automation/sample/sample_dataset_v1.1/records/R000003/Q_ref.csv,10_Pilot_Automation,csv,5267,no,no
Submission_Build_v2.8/10_Pilot_Automation/sample/sample_dataset_v1.1/records/R000004/app_result.json,10_Pilot_Automation,json,271,no,no
Submission_Build_v2.8/10_Pilot_Automation/sample/sample_dataset_v1.1/records/R000004/meta.json,10_Pilot_Automation,json,108,no,no
Submission_Build_v2.8/10_Pilot_Automation/sample/sample_dataset_v1.1/records/R000004/Q_pred.csv,10_Pilot_Automation,csv,3039,no,no
Submission_Build_v2.8/10_Pilot_Automation/sample/sample_dataset_v1.1/records/R000004/Q_ref.csv,10_Pilot_Automation,csv,2635,no,no
Submission_Build_v2.8/10_Pilot_Automation/sample/sample_dataset_v1.1/records/R000005/app_result.json,10_Pilot_Automation,json,247,no,no
Submission_Build_v2.8/10_Pilot_Automation/sample/sample_dataset_v1.1/records/R000005/meta.json,10_Pilot_Automation,json,108,no,no
Submission_Build_v2.8/10_Pilot_Automation/sample/sample_dataset_v1.1/records/R000005/Q_pred.csv,10_Pilot_Automation,csv,9982,no,no
Submission_Build_v2.8/10_Pilot_Automation/sample/sample_dataset_v1.1/records/R000005/Q_ref.csv,10_Pilot_Automation,csv,10020,no,no
Submission_Build_v2.8/10_Pilot_Automation/sample/sample_dataset_v1.1/records/R000006/app_result.json,10_Pilot_Automation,json,274,no,no
Submission_Build_v2.8/10_Pilot_Automation/sample/sample_dataset_v1.1/records/R000006/meta.json,10_Pilot_Automation,json,108,no,no
Submission_Build_v2.8/10_Pilot_Automation/sample/sample_dataset_v1.1/records/R000006/Q_pred.csv,10_Pilot_Automation,csv,5603,no,no
Submission_Build_v2.8/10_Pilot_Automation/sample/sample_dataset_v1.1/records/R000006/Q_ref.csv,10_Pilot_Automation,csv,4836,no,no
Submission_Build_v2.8/10_Pilot_Automation/sample/sample_dataset_v1.1/records/R000007/app_result.json,10_Pilot_Automation,json,273,no,no
Submission_Build_v2.8/10_Pilot_Automation/sample/sample_dataset_v1.1/records/R000007/meta.json,10_Pilot_Automation,json,108,no,no
Submission_Build_v2.8/10_Pilot_Automation/sample/sample_dataset_v1.1/records/R000007/Q_pred.csv,10_Pilot_Automation,csv,4553,no,no
Submission_Build_v2.8/10_Pilot_Automation/sample/sample_dataset_v1.1/records/R000007/Q_ref.csv,10_Pilot_Automation,csv,3844,no,no
Submission_Build_v2.8/10_Pilot_Automation/sample/sample_dataset_v1.1/records/R000008/app_result.json,10_Pilot_Automation,json,275,no,no
Submission_Build_v2.8/10_Pilot_Automation/sample/sample_dataset_v1.1/records/R000008/meta.json,10_Pilot_Automation,json,108,no,no
Submission_Build_v2.8/10_Pilot_Automation/sample/sample_dataset_v1.1/records/R000008/Q_pred.csv,10_Pilot_Automation,csv,7833,no,no
Submission_Build_v2.8/10_Pilot_Automation/sample/sample_dataset_v1.1/records/R000008/Q_ref.csv,10_Pilot_Automation,csv,6863,no,no
Submission_Build_v2.8/10_Pilot_Automation/sample/sample_dataset_v1.1/records/R000009/app_result.json,10_Pilot_Automation,json,248,no,no
Submission_Build_v2.8/10_Pilot_Automation/sample/sample_dataset_v1.1/records/R000009/meta.json,10_Pilot_Automation,json,108,no,no
Submission_Build_v2.8/10_Pilot_Automation/sample/sample_dataset_v1.1/records/R000009/Q_pred.csv,10_Pilot_Automation,csv,7531,no,no
Submission_Build_v2.8/10_Pilot_Automation/sample/sample_dataset_v1.1/records/R000009/Q_ref.csv,10_Pilot_Automation,csv,7512,no,no
Submission_Build_v2.8/10_Pilot_Automation/sample/sample_dataset_v1.1/records/R000010/app_result.json,10_Pilot_Automation,json,248,no,no
Submission_Build_v2.8/10_Pilot_Automation/sample/sample_dataset_v1.1/records/R000010/meta.json,10_Pilot_Automation,json,108,no,no
Submission_Build_v2.8/10_Pilot_Automation/sample/sample_dataset_v1.1/records/R000010/Q_pred.csv,10_Pilot_Automation,csv,5637,no,no
Submission_Build_v2.8/10_Pilot_Automation/sample/sample_dataset_v1.1/records/R000010/Q_ref.csv,10_Pilot_Automation,csv,5614,no,no
Submission_Build_v2.8/10_Pilot_Automation/sample/sample_dataset_v1.1/records/R000011/app_result.json,10_Pilot_Automation,json,273,no,no
Submission_Build_v2.8/10_Pilot_Automation/sample/sample_dataset_v1.1/records/R000011/meta.json,10_Pilot_Automation,json,108,no,no
Submission_Build_v2.8/10_Pilot_Automation/sample/sample_dataset_v1.1/records/R000011/Q_pred.csv,10_Pilot_Automation,csv,8005,no,no
Submission_Build_v2.8/10_Pilot_Automation/sample/sample_dataset_v1.1/records/R000011/Q_ref.csv,10_Pilot_Automation,csv,8017,no,no
Submission_Build_v2.8/10_Pilot_Automation/sample/sample_dataset_v1.1/records/R000012/app_result.json,10_Pilot_Automation,json,273,no,no
Submission_Build_v2.8/10_Pilot_Automation/sample/sample_dataset_v1.1/records/R000012/meta.json,10_Pilot_Automation,json,108,no,no
Submission_Build_v2.8/10_Pilot_Automation/sample/sample_dataset_v1.1/records/R000012/Q_pred.csv,10_Pilot_Automation,csv,4693,no,no
Submission_Build_v2.8/10_Pilot_Automation/sample/sample_dataset_v1.1/records/R000012/Q_ref.csv,10_Pilot_Automation,csv,4128,no,no
Submission_Build_v2.8/10_Pilot_Automation/sample/sample_dataset_v1.1/records/R000013/app_result.json,10_Pilot_Automation,json,276,no,no
Submission_Build_v2.8/10_Pilot_Automation/sample/sample_dataset_v1.1/records/R000013/meta.json,10_Pilot_Automation,json,108,no,no
Submission_Build_v2.8/10_Pilot_Automation/sample/sample_dataset_v1.1/records/R000013/Q_pred.csv,10_Pilot_Automation,csv,3754,no,no
Submission_Build_v2.8/10_Pilot_Automation/sample/sample_dataset_v1.1/records/R000013/Q_ref.csv,10_Pilot_Automation,csv,3347,no,no
Submission_Build_v2.8/10_Pilot_Automation/sample/sample_dataset_v1.1/records/R000014/app_result.json,10_Pilot_Automation,json,248,no,no
Submission_Build_v2.8/10_Pilot_Automation/sample/sample_dataset_v1.1/records/R000014/meta.json,10_Pilot_Automation,json,108,no,no
Submission_Build_v2.8/10_Pilot_Automation/sample/sample_dataset_v1.1/records/R000014/Q_pred.csv,10_Pilot_Automation,csv,6134,no,no
Submission_Build_v2.8/10_Pilot_Automation/sample/sample_dataset_v1.1/records/R000014/Q_ref.csv,10_Pilot_Automation,csv,6098,no,no
Submission_Build_v2.8/10_Pilot_Automation/sample/sample_dataset_v1.1/records/R000015/app_result.json,10_Pilot_Automation,json,248,no,no
Submission_Build_v2.8/10_Pilot_Automation/sample/sample_dataset_v1.1/records/R000015/meta.json,10_Pilot_Automation,json,108,no,no
Submission_Build_v2.8/10_Pilot_Automation/sample/sample_dataset_v1.1/records/R000015/Q_pred.csv,10_Pilot_Automation,csv,7764,no,no
Submission_Build_v2.8/10_Pilot_Automation/sample/sample_dataset_v1.1/records/R000015/Q_ref.csv,10_Pilot_Automation,csv,7739,no,no
Submission_Build_v2.8/10_Pilot_Automation/sample/sample_dataset_v1.1/records/R000016/app_result.json,10_Pilot_Automation,json,272,no,no
Submission_Build_v2.8/10_Pilot_Automation/sample/sample_dataset_v1.1/records/R000016/meta.json,10_Pilot_Automation,json,108,no,no
Submission_Build_v2.8/10_Pilot_Automation/sample/sample_dataset_v1.1/records/R000016/Q_pred.csv,10_Pilot_Automation,csv,4081,no,no
Submission_Build_v2.8/10_Pilot_Automation/sample/sample_dataset_v1.1/records/R000016/Q_ref.csv,10_Pilot_Automation,csv,3495,no,no
Submission_Build_v2.8/10_Pilot_Automation/sample/sample_dataset_v1.1/records/R000017/app_result.json,10_Pilot_Automation,json,246,no,no
Submission_Build_v2.8/10_Pilot_Automation/sample/sample_dataset_v1.1/records/R000017/meta.json,10_Pilot_Automation,json,108,no,no
Submission_Build_v2.8/10_Pilot_Automation/sample/sample_dataset_v1.1/records/R000017/Q_pred.csv,10_Pilot_Automation,csv,8389,no,no
Submission_Build_v2.8/10_Pilot_Automation/sample/sample_dataset_v1.1/records/R000017/Q_ref.csv,10_Pilot_Automation,csv,8369,no,no
Submission_Build_v2.8/10_Pilot_Automation/sample/sample_dataset_v1.1/records/R000018/app_result.json,10_Pilot_Automation,json,262,no,no
Submission_Build_v2.8/10_Pilot_Automation/sample/sample_dataset_v1.1/records/R000018/meta.json,10_Pilot_Automation,json,108,no,no
Submission_Build_v2.8/10_Pilot_Automation/sample/sample_dataset_v1.1/records/R000018/Q_pred.csv,10_Pilot_Automation,csv,8879,no,no
Submission_Build_v2.8/10_Pilot_Automation/sample/sample_dataset_v1.1/records/R000018/Q_ref.csv,10_Pilot_Automation,csv,8920,no,no
Submission_Build_v2.8/10_Pilot_Automation/sample/sample_dataset_v1.1/records/R000019/app_result.json,10_Pilot_Automation,json,247,no,no
Submission_Build_v2.8/10_Pilot_Automation/sample/sample_dataset_v1.1/records/R000019/meta.json,10_Pilot_Automation,json,108,no,no
Submission_Build_v2.8/10_Pilot_Automation/sample/sample_dataset_v1.1/records/R000019/Q_pred.csv,10_Pilot_Automation,csv,5104,no,no
Submission_Build_v2.8/10_Pilot_Automation/sample/sample_dataset_v1.1/records/R000019/Q_ref.csv,10_Pilot_Automation,csv,5118,no,no
Submission_Build_v2.8/10_Pilot_Automation/sample/sample_dataset_v1.1/records/R000020/app_result.json,10_Pilot_Automation,json,276,no,no
Submission_Build_v2.8/10_Pilot_Automation/sample/sample_dataset_v1.1/records/R000020/meta.json,10_Pilot_Automation,json,108,no,no
Submission_Build_v2.8/10_Pilot_Automation/sample/sample_dataset_v1.1/records/R000020/Q_pred.csv,10_Pilot_Automation,csv,9314,no,no
Submission_Build_v2.8/10_Pilot_Automation/sample/sample_dataset_v1.1/records/R000020/Q_ref.csv,10_Pilot_Automation,csv,8224,no,no
Submission_Build_v2.8/10_Pilot_Automation/sample/sample_dataset_v1.1/records/R000021/app_result.json,10_Pilot_Automation,json,272,no,no
Submission_Build_v2.8/10_Pilot_Automation/sample/sample_dataset_v1.1/records/R000021/meta.json,10_Pilot_Automation,json,108,no,no
Submission_Build_v2.8/10_Pilot_Automation/sample/sample_dataset_v1.1/records/R000021/Q_pred.csv,10_Pilot_Automation,csv,3845,no,no
Submission_Build_v2.8/10_Pilot_Automation/sample/sample_dataset_v1.1/records/R000021/Q_ref.csv,10_Pilot_Automation,csv,3341,no,no
Submission_Build_v2.8/10_Pilot_Automation/sample/sample_dataset_v1.1/records/R000022/app_result.json,10_Pilot_Automation,json,275,no,no
Submission_Build_v2.8/10_Pilot_Automation/sample/sample_dataset_v1.1/records/R000022/meta.json,10_Pilot_Automation,json,108,no,no
Submission_Build_v2.8/10_Pilot_Automation/sample/sample_dataset_v1.1/records/R000022/Q_pred.csv,10_Pilot_Automation,csv,5092,no,no
Submission_Build_v2.8/10_Pilot_Automation/sample/sample_dataset_v1.1/records/R000022/Q_ref.csv,10_Pilot_Automation,csv,5103,no,no
Submission_Build_v2.8/10_Pilot_Automation/sample/sample_dataset_v1.1/records/R000023/app_result.json,10_Pilot_Automation,json,247,no,no
Submission_Build_v2.8/10_Pilot_Automation/sample/sample_dataset_v1.1/records/R000023/meta.json,10_Pilot_Automation,json,108,no,no
Submission_Build_v2.8/10_Pilot_Automation/sample/sample_dataset_v1.1/records/R000023/Q_pred.csv,10_Pilot_Automation,csv,8366,no,no
Submission_Build_v2.8/10_Pilot_Automation/sample/sample_dataset_v1.1/records/R000023/Q_ref.csv,10_Pilot_Automation,csv,8182,no,no
Submission_Build_v2.8/10_Pilot_Automation/sample/sample_dataset_v1.1/records/R000024/app_result.json,10_Pilot_Automation,json,247,no,no
Submission_Build_v2.8/10_Pilot_Automation/sample/sample_dataset_v1.1/records/R000024/meta.json,10_Pilot_Automation,json,108,no,no
Submission_Build_v2.8/10_Pilot_Automation/sample/sample_dataset_v1.1/records/R000024/Q_pred.csv,10_Pilot_Automation,csv,4985,no,no
Submission_Build_v2.8/10_Pilot_Automation/sample/sample_dataset_v1.1/records/R000024/Q_ref.csv,10_Pilot_Automation,csv,4967,no,no
Submission_Build_v2.8/10_Pilot_Automation/sample_outputs/v1.2/ba_plots/BA_FlowTime.png,10_Pilot_Automation,other,45652,no,no
Submission_Build_v2.8/10_Pilot_Automation/sample_outputs/v1.2/ba_plots/BA_Qavg.png,10_Pilot_Automation,other,44611,no,no
Submission_Build_v2.8/10_Pilot_Automation/sample_outputs/v1.2/ba_plots/BA_Qmax.png,10_Pilot_Automation,other,46041,no,no
Submission_Build_v2.8/10_Pilot_Automation/sample_outputs/v1.2/ba_plots/BA_Vvoid.png,10_Pilot_Automation,other,40990,no,no
Submission_Build_v2.8/10_Pilot_Automation/sample_outputs/v1.2/csr_autodraft_meta_EN.json,10_Pilot_Automation,json,396,no,no
Submission_Build_v2.8/10_Pilot_Automation/sample_outputs/v1.2/csr_autodraft_meta_RU.json,10_Pilot_Automation,json,399,no,no
Submission_Build_v2.8/10_Pilot_Automation/sample_outputs/v1.2/README_SAMPLE_OUTPUTS.txt,10_Pilot_Automation,text,223,no,yes
Submission_Build_v2.8/10_Pilot_Automation/sample_outputs/v1.2/tfl_record_level.csv,10_Pilot_Automation,csv,3349,no,no
Submission_Build_v2.8/10_Pilot_Automation/sample_outputs/v1.2/tfl_summary.json,10_Pilot_Automation,json,1048,no,no
Submission_Build_v2.8/10_Pilot_Automation/sample_outputs/v1.2/Uroflow_CSR_Autodraft_EN_tfl.docx,10_Pilot_Automation,docx,181583,no,no
Submission_Build_v2.8/10_Pilot_Automation/sample_outputs/v1.2/Uroflow_CSR_Autodraft_RU_tfl.docx,10_Pilot_Automation,docx,181787,no,no
Submission_Build_v2.8/10_Pilot_Automation/schemas/codelists.json,10_Pilot_Automation,json,730,no,yes
Submission_Build_v2.8/10_Pilot_Automation/schemas/manifest_expected_columns.json,10_Pilot_Automation,json,724,no,yes
Submission_Build_v2.8/10_Pilot_Automation/scripts/__pycache__/uroflow_qa_utils.cpython-311.pyc,10_Pilot_Automation,other,29774,no,no
Submission_Build_v2.8/10_Pilot_Automation/scripts/autofill_gspr_evidence_links.py,10_Pilot_Automation,python,10770,no,yes
Submission_Build_v2.8/10_Pilot_Automation/scripts/autofill_gspr_executed.py,10_Pilot_Automation,python,7631,no,yes
Submission_Build_v2.8/10_Pilot_Automation/scripts/build_eu_master_index.py,10_Pilot_Automation,python,9481,no,yes
Submission_Build_v2.8/10_Pilot_Automation/scripts/build_g1_evidence_bundle.py,10_Pilot_Automation,python,9365,no,yes
Submission_Build_v2.8/10_Pilot_Automation/scripts/build_g2_submission_bundle.py,10_Pilot_Automation,python,8542,no,yes
Submission_Build_v2.8/10_Pilot_Automation/scripts/build_pilotfreeze_submission_tree.py,10_Pilot_Automation,python,6165,no,yes
Submission_Build_v2.8/10_Pilot_Automation/scripts/compute_checksums.py,10_Pilot_Automation,python,1765,no,yes
Submission_Build_v2.8/10_Pilot_Automation/scripts/freeze_bundle_generator.py,10_Pilot_Automation,python,7666,no,yes
Submission_Build_v2.8/10_Pilot_Automation/scripts/generate_csr_autodraft.py,10_Pilot_Automation,python,10788,no,yes
Submission_Build_v2.8/10_Pilot_Automation/scripts/run_daily_qa.py,10_Pilot_Automation,python,13612,no,yes
Submission_Build_v2.8/10_Pilot_Automation/scripts/run_drift_dashboard.py,10_Pilot_Automation,python,5288,no,yes
Submission_Build_v2.8/10_Pilot_Automation/scripts/run_tfl_from_golden_dataset.py,10_Pilot_Automation,python,20077,no,yes
Submission_Build_v2.8/10_Pilot_Automation/scripts/sync_check_audio_qref.py,10_Pilot_Automation,python,2047,no,yes
Submission_Build_v2.8/10_Pilot_Automation/scripts/update_dhf_status.py,10_Pilot_Automation,python,6872,no,yes
Submission_Build_v2.8/10_Pilot_Automation/scripts/update_master_index_v2_7.py,10_Pilot_Automation,python,3467,no,yes
Submission_Build_v2.8/10_Pilot_Automation/scripts/uroflow_qa_utils.py,10_Pilot_Automation,python,15744,no,yes
Submission_Build_v2.8/10_Pilot_Automation/scripts/validate_manifest.py,10_Pilot_Automation,python,1596,no,yes
Submission_Build_v2.8/11_Region_Packs/CN_NMPA/Uroflow_CN_Claims_and_Registration_Strategy_v1.0_EN.docx,11_Region_Packs,docx,38082,no,no
Submission_Build_v2.8/11_Region_Packs/CN_NMPA/Uroflow_CN_Claims_Evidence_Matrix_v1.0.xlsx,11_Region_Packs,xlsx,6721,no,no
Submission_Build_v2.8/11_Region_Packs/RU_Roszdravnadzor/Uroflow_RU_Claims_and_Registration_Strategy_v1.0_RU.docx,11_Region_Packs,docx,39158,no,no
Submission_Build_v2.8/11_Region_Packs/RU_Roszdravnadzor/Uroflow_RU_Claims_Evidence_Matrix_v1.0.xlsx,11_Region_Packs,xlsx,7196,no,no
Submission_Build_v2.8/12_Evidence_Bundles/README_Evidence_Bundles.txt,12_Evidence_Bundles,text,622,no,no
