DHF_ID,File name,Build path,Category,Owner role,Version,Status,Approved date,Next review,Notes,Autofill: Exists (Y/N),Autofill: Resolved path (relative),Autofill: SHA256 short (basename:hash12),Autofill: Last checked (UTC)
DHF-001,00_README_Submission_Build_v2.2.txt,00_README_and_Indexes/00_README_Submission_Build_v2.2.txt,00_README_and_Indexes,Owner,2.2,Ready,,,,N,,,2026-02-24 15:28:42Z
DHF-002,Sample_Report.pdf,01_Product_QMS/Other/Sample_Report.pdf,01_Product_QMS,QA/RA,,Ready,,,,Y,01_Product_QMS/Other/Sample_Report.pdf,Sample_Report.pdf:91acde927b18,2026-02-24 15:28:42Z
DHF-003,Uroflow_Claims_Evidence_Traceability_Matrix_v1.0.xlsx,01_Product_QMS/Other/Uroflow_Claims_Evidence_Traceability_Matrix_v1.0.xlsx,01_Product_QMS,QA/RA,1.0,Ready,,,,Y,01_Product_QMS/Other/Uroflow_Claims_Evidence_Traceability_Matrix_v1.0.xlsx,Uroflow_Claims_Evidence_Traceability_Matrix_v1.0.xlsx:56cfea7e0c5f,2026-02-24 15:28:42Z
DHF-004,Uroflow_Data_Management_Plan_v1.0_EN.docx,01_Product_QMS/Other/Uroflow_Data_Management_Plan_v1.0_EN.docx,01_Product_QMS,QA/RA,1.0,Plan,,,,Y,01_Product_QMS/Other/Uroflow_Data_Management_Plan_v1.0_EN.docx,Uroflow_Data_Management_Plan_v1.0_EN.docx:40bde93eb888,2026-02-24 15:28:42Z
DHF-005,Uroflow_Data_Management_Plan_v1.0_RU.docx,01_Product_QMS/Other/Uroflow_Data_Management_Plan_v1.0_RU.docx,01_Product_QMS,QA/RA,1.0,Plan,,,,Y,01_Product_QMS/Other/Uroflow_Data_Management_Plan_v1.0_RU.docx,Uroflow_Data_Management_Plan_v1.0_RU.docx:1937a37fe2d3,2026-02-24 15:28:42Z
DHF-006,Uroflow_DHF_Index_Status_Register_v1.0.xlsx,01_Product_QMS/Other/Uroflow_DHF_Index_Status_Register_v1.0.xlsx,01_Product_QMS,QA/RA,1.0,Ready (tracker),,,,Y,01_Product_QMS/Other/Uroflow_DHF_Index_Status_Register_v1.0.xlsx,Uroflow_DHF_Index_Status_Register_v1.0.xlsx:a447cb17c1be,2026-02-24 15:28:42Z
DHF-007,Uroflow_DHF_Index_Status_Register_v1.1.xlsx,01_Product_QMS/Other/Uroflow_DHF_Index_Status_Register_v1.1.xlsx,01_Product_QMS,QA/RA,1.1,Ready (tracker),,,,Y,01_Product_QMS/Other/Uroflow_DHF_Index_Status_Register_v1.1.xlsx,Uroflow_DHF_Index_Status_Register_v1.1.xlsx:924d6f3bbcda,2026-02-24 15:28:42Z
DHF-008,Uroflow_EDC_CRF_DataDictionary_v1.0.xlsx,01_Product_QMS/Other/Uroflow_EDC_CRF_DataDictionary_v1.0.xlsx,01_Product_QMS,QA/RA,1.0,Ready,,,,Y,01_Product_QMS/Other/Uroflow_EDC_CRF_DataDictionary_v1.0.xlsx,Uroflow_EDC_CRF_DataDictionary_v1.0.xlsx:faab997a6c23,2026-02-24 15:28:42Z
DHF-009,Uroflow_EDC_CRF_DataDictionary_v1.0_CSV.zip,01_Product_QMS/Other/Uroflow_EDC_CRF_DataDictionary_v1.0_CSV.zip,01_Product_QMS,QA/RA,1.0,Ready,,,,Y,01_Product_QMS/Other/Uroflow_EDC_CRF_DataDictionary_v1.0_CSV.zip,Uroflow_EDC_CRF_DataDictionary_v1.0_CSV.zip:c096260ed5cd,2026-02-24 15:28:42Z
DHF-010,Uroflow_IFU_Draft_v1.0_EN.docx,01_Product_QMS/Other/Uroflow_IFU_Draft_v1.0_EN.docx,01_Product_QMS,QA/RA,1.0,Draft,,,,Y,01_Product_QMS/Other/Uroflow_IFU_Draft_v1.0_EN.docx,Uroflow_IFU_Draft_v1.0_EN.docx:1660985d27fa,2026-02-24 15:28:42Z
DHF-011,Uroflow_IFU_Draft_v1.0_RU.docx,01_Product_QMS/Other/Uroflow_IFU_Draft_v1.0_RU.docx,01_Product_QMS,QA/RA,1.0,Draft,,,,Y,01_Product_QMS/Other/Uroflow_IFU_Draft_v1.0_RU.docx,Uroflow_IFU_Draft_v1.0_RU.docx:5f5051c4021d,2026-02-24 15:28:42Z
DHF-012,Uroflow_IntendedUse_Claims_ByRegion_v1.0_RU.docx,01_Product_QMS/Other/Uroflow_IntendedUse_Claims_ByRegion_v1.0_RU.docx,01_Product_QMS,QA/RA,1.0,Ready,,,,Y,01_Product_QMS/Other/Uroflow_IntendedUse_Claims_ByRegion_v1.0_RU.docx,Uroflow_IntendedUse_Claims_ByRegion_v1.0_RU.docx:3f979e671409,2026-02-24 15:28:42Z
DHF-013,Uroflow_Labeling_Claims_Alignment_v1.0_RU.docx,01_Product_QMS/Other/Uroflow_Labeling_Claims_Alignment_v1.0_RU.docx,01_Product_QMS,QA/RA,1.0,Ready,,,,Y,01_Product_QMS/Other/Uroflow_Labeling_Claims_Alignment_v1.0_RU.docx,Uroflow_Labeling_Claims_Alignment_v1.0_RU.docx:5a9c9c28a356,2026-02-24 15:28:42Z
DHF-014,Uroflow_PMCF_Plan_v1.0_RU.docx,01_Product_QMS/Other/Uroflow_PMCF_Plan_v1.0_RU.docx,01_Product_QMS,QA/RA,1.0,Plan,,,,Y,01_Product_QMS/Other/Uroflow_PMCF_Plan_v1.0_RU.docx,Uroflow_PMCF_Plan_v1.0_RU.docx:7801863372f4,2026-02-24 15:28:42Z
DHF-015,Uroflow_PMS_Forms_and_Registers_v1.0.xlsx,01_Product_QMS/Other/Uroflow_PMS_Forms_and_Registers_v1.0.xlsx,01_Product_QMS,QA/RA,1.0,Ready,,,,Y,01_Product_QMS/Other/Uroflow_PMS_Forms_and_Registers_v1.0.xlsx,Uroflow_PMS_Forms_and_Registers_v1.0.xlsx:d7e2d4d0dc35,2026-02-24 15:28:42Z
DHF-016,Uroflow_PSUR_Template_v1.0_RU.docx,01_Product_QMS/Other/Uroflow_PSUR_Template_v1.0_RU.docx,01_Product_QMS,QA/RA,1.0,Template,,,,Y,01_Product_QMS/Other/Uroflow_PSUR_Template_v1.0_RU.docx,Uroflow_PSUR_Template_v1.0_RU.docx:68e66ac3b7b2,2026-02-24 15:28:42Z
DHF-017,Uroflow_Quality_Score_Calibration_Protocol_v1.0_RU.docx,01_Product_QMS/Other/Uroflow_Quality_Score_Calibration_Protocol_v1.0_RU.docx,01_Product_QMS,QA/RA,1.0,Ready,,,,Y,01_Product_QMS/Other/Uroflow_Quality_Score_Calibration_Protocol_v1.0_RU.docx,Uroflow_Quality_Score_Calibration_Protocol_v1.0_RU.docx:b8761e86d4b5,2026-02-24 15:28:42Z
DHF-018,Uroflow_Regulatory_Appendices_v1.0.docx,01_Product_QMS/Other/Uroflow_Regulatory_Appendices_v1.0.docx,01_Product_QMS,QA/RA,1.0,Ready,,,,Y,01_Product_QMS/Other/Uroflow_Regulatory_Appendices_v1.0.docx,Uroflow_Regulatory_Appendices_v1.0.docx:d230946ab5c4,2026-02-24 15:28:42Z
DHF-019,Uroflow_Regulatory_Mapping_Matrix_v1.0.xlsx,01_Product_QMS/Other/Uroflow_Regulatory_Mapping_Matrix_v1.0.xlsx,01_Product_QMS,QA/RA,1.0,Ready,,,,Y,01_Product_QMS/Other/Uroflow_Regulatory_Mapping_Matrix_v1.0.xlsx,Uroflow_Regulatory_Mapping_Matrix_v1.0.xlsx:2fe284ae60cd,2026-02-24 15:28:42Z
DHF-020,Uroflow_Site_Initiation_Visit_Agenda_v1.0_RU.docx,01_Product_QMS/Other/Uroflow_Site_Initiation_Visit_Agenda_v1.0_RU.docx,01_Product_QMS,QA/RA,1.0,Ready,,,,Y,01_Product_QMS/Other/Uroflow_Site_Initiation_Visit_Agenda_v1.0_RU.docx,Uroflow_Site_Initiation_Visit_Agenda_v1.0_RU.docx:bf3ff8c16907,2026-02-24 15:28:42Z
DHF-021,Uroflow_Software_System_VV_Plan_v1.0_EN.docx,01_Product_QMS/Other/Uroflow_Software_System_VV_Plan_v1.0_EN.docx,01_Product_QMS,QA/RA,1.0,Plan,,,,Y,01_Product_QMS/Other/Uroflow_Software_System_VV_Plan_v1.0_EN.docx,Uroflow_Software_System_VV_Plan_v1.0_EN.docx:e338e6023d5f,2026-02-24 15:28:42Z
DHF-022,Uroflow_Software_System_VV_Report_v1.0_EN.docx,01_Product_QMS/Other/Uroflow_Software_System_VV_Report_v1.0_EN.docx,01_Product_QMS,QA/RA,1.0,Ready,,,,Y,01_Product_QMS/Other/Uroflow_Software_System_VV_Report_v1.0_EN.docx,Uroflow_Software_System_VV_Report_v1.0_EN.docx:ca48e16d0e00,2026-02-24 15:28:42Z
DHF-023,Uroflow_Submission_Ready_EvidencePack_Index_EU_US_v1.0.xlsx,01_Product_QMS/Other/Uroflow_Submission_Ready_EvidencePack_Index_EU_US_v1.0.xlsx,01_Product_QMS,QA/RA,1.0,Ready (tracker),,,,Y,00_README_and_Indexes/Uroflow_Submission_Ready_EvidencePack_Index_EU_US_v1.0.xlsx,Uroflow_Submission_Ready_EvidencePack_Index_EU_US_v1.0.xlsx:3cda7353777a,2026-02-24 15:28:42Z
DHF-024,Uroflow_VV_Evidence_Matrix_v1.0.xlsx,01_Product_QMS/Other/Uroflow_VV_Evidence_Matrix_v1.0.xlsx,01_Product_QMS,QA/RA,1.0,Ready,,,,Y,01_Product_QMS/Other/Uroflow_VV_Evidence_Matrix_v1.0.xlsx,Uroflow_VV_Evidence_Matrix_v1.0.xlsx:699b5a8ecdea,2026-02-24 15:28:42Z
DHF-025,Uroflow_Acceptance_Criteria_v1.0_RU.docx,01_Product_QMS/Uroflow_Acceptance_Criteria_v1.0_RU.docx,01_Product_QMS,QA/RA,1.0,Ready,,,,Y,01_Product_QMS/Uroflow_Acceptance_Criteria_v1.0_RU.docx,Uroflow_Acceptance_Criteria_v1.0_RU.docx:35a6c5494ca4,2026-02-24 15:28:42Z
DHF-026,Uroflow_Acceptance_Test_Matrix_v1.0.xlsx,01_Product_QMS/Uroflow_Acceptance_Test_Matrix_v1.0.xlsx,01_Product_QMS,QA/RA,1.0,Ready,,,,Y,01_Product_QMS/Uroflow_Acceptance_Test_Matrix_v1.0.xlsx,Uroflow_Acceptance_Test_Matrix_v1.0.xlsx:cf3ff1f5a96f,2026-02-24 15:28:42Z
DHF-027,Uroflow_QMS_DesignControls_Execution_Pack_v1.0_RU.docx,01_Product_QMS/Uroflow_QMS_DesignControls_Execution_Pack_v1.0_RU.docx,01_Product_QMS,QA/RA,1.0,Ready,,,,Y,01_Product_QMS/Uroflow_QMS_DesignControls_Execution_Pack_v1.0_RU.docx,Uroflow_QMS_DesignControls_Execution_Pack_v1.0_RU.docx:528d80b67399,2026-02-24 15:28:42Z
DHF-028,Uroflow_QMS_Forms_and_Registers_v1.0.xlsx,01_Product_QMS/Uroflow_QMS_Forms_and_Registers_v1.0.xlsx,01_Product_QMS,QA/RA,1.0,Ready,,,,Y,01_Product_QMS/Uroflow_QMS_Forms_and_Registers_v1.0.xlsx,Uroflow_QMS_Forms_and_Registers_v1.0.xlsx:506200b40cd8,2026-02-24 15:28:42Z
DHF-029,Uroflow_QMS_SOP_Pack_v1.0_RU.docx,01_Product_QMS/Uroflow_QMS_SOP_Pack_v1.0_RU.docx,01_Product_QMS,QA/RA,1.0,Ready,,,,Y,01_Product_QMS/Uroflow_QMS_SOP_Pack_v1.0_RU.docx,Uroflow_QMS_SOP_Pack_v1.0_RU.docx:44747122b928,2026-02-24 15:28:42Z
DHF-030,Uroflow_Residual_Risk_and_BenefitRisk_v1.0_RU.docx,01_Product_QMS/Uroflow_Residual_Risk_and_BenefitRisk_v1.0_RU.docx,01_Product_QMS,QA/RA,1.0,Ready,,,,Y,01_Product_QMS/Uroflow_Residual_Risk_and_BenefitRisk_v1.0_RU.docx,Uroflow_Residual_Risk_and_BenefitRisk_v1.0_RU.docx:7cf070d38c3f,2026-02-24 15:28:42Z
DHF-031,Uroflow_Risk_Analysis_HazardLog_FMEA_v1.0.xlsx,01_Product_QMS/Uroflow_Risk_Analysis_HazardLog_FMEA_v1.0.xlsx,01_Product_QMS,QA/RA,1.0,Ready,,,,Y,01_Product_QMS/Uroflow_Risk_Analysis_HazardLog_FMEA_v1.0.xlsx,Uroflow_Risk_Analysis_HazardLog_FMEA_v1.0.xlsx:2b49b378fab5,2026-02-24 15:28:42Z
DHF-032,Uroflow_Risk_Control_Verification_Matrix_v1.0.xlsx,01_Product_QMS/Uroflow_Risk_Control_Verification_Matrix_v1.0.xlsx,01_Product_QMS,QA/RA,1.0,Ready,,,,Y,01_Product_QMS/Uroflow_Risk_Control_Verification_Matrix_v1.0.xlsx,Uroflow_Risk_Control_Verification_Matrix_v1.0.xlsx:faa76bd06993,2026-02-24 15:28:42Z
DHF-033,Uroflow_Risk_Management_Plan_ISO14971_v1.0_RU.docx,01_Product_QMS/Uroflow_Risk_Management_Plan_ISO14971_v1.0_RU.docx,01_Product_QMS,QA/RA,1.0,Plan,,,,Y,01_Product_QMS/Uroflow_Risk_Management_Plan_ISO14971_v1.0_RU.docx,Uroflow_Risk_Management_Plan_ISO14971_v1.0_RU.docx:178133146c92,2026-02-24 15:28:42Z
DHF-034,Uroflow_Risk_Management_Report_ISO14971_v1.0_RU.docx,01_Product_QMS/Uroflow_Risk_Management_Report_ISO14971_v1.0_RU.docx,01_Product_QMS,QA/RA,1.0,Ready,,,,Y,01_Product_QMS/Uroflow_Risk_Management_Report_ISO14971_v1.0_RU.docx,Uroflow_Risk_Management_Report_ISO14971_v1.0_RU.docx:72d51b4f6269,2026-02-24 15:28:42Z
DHF-035,Uroflow_Smartphone_Design_Controls_Pack_v1.0.docx,01_Product_QMS/Uroflow_Smartphone_Design_Controls_Pack_v1.0.docx,01_Product_QMS,QA/RA,1.0,Ready,,,,Y,01_Product_QMS/Uroflow_Smartphone_Design_Controls_Pack_v1.0.docx,Uroflow_Smartphone_Design_Controls_Pack_v1.0.docx:adf73827ac8f,2026-02-24 15:28:42Z
DHF-036,Uroflow_Software_Release_and_Update_Policy_v1.0_RU.docx,01_Product_QMS/Uroflow_Software_Release_and_Update_Policy_v1.0_RU.docx,01_Product_QMS,QA/RA,1.0,Ready,,,,Y,01_Product_QMS/Uroflow_Software_Release_and_Update_Policy_v1.0_RU.docx,Uroflow_Software_Release_and_Update_Policy_v1.0_RU.docx:4445f205251b,2026-02-24 15:28:42Z
DHF-037,Uroflow_CoreML_Model_Input_Contract_v1.0.docx,02_Algorithm_and_ML/Uroflow_CoreML_Model_Input_Contract_v1.0.docx,02_Algorithm_and_ML,ML Lead,1.0,Ready,,,,Y,02_Algorithm_and_ML/Uroflow_CoreML_Model_Input_Contract_v1.0.docx,Uroflow_CoreML_Model_Input_Contract_v1.0.docx:83f44ac92d93,2026-02-24 15:28:42Z
DHF-038,Uroflow_ML_Training_Pipeline_Spec_v1.0.docx,02_Algorithm_and_ML/Uroflow_ML_Training_Pipeline_Spec_v1.0.docx,02_Algorithm_and_ML,ML Lead,1.0,Ready,,,,Y,02_Algorithm_and_ML/Uroflow_ML_Training_Pipeline_Spec_v1.0.docx,Uroflow_ML_Training_Pipeline_Spec_v1.0.docx:887f7c8492dc,2026-02-24 15:28:42Z
DHF-039,Uroflow_Smartphone_Algorithm_Spec_v1.1_Fusion_CoreML.docx,02_Algorithm_and_ML/Uroflow_Smartphone_Algorithm_Spec_v1.1_Fusion_CoreML.docx,02_Algorithm_and_ML,ML Lead,1.1,Ready,,,,Y,02_Algorithm_and_ML/Uroflow_Smartphone_Algorithm_Spec_v1.1_Fusion_CoreML.docx,Uroflow_Smartphone_Algorithm_Spec_v1.1_Fusion_CoreML.docx:02542f7ff23f,2026-02-24 15:28:42Z
DHF-040,Uroflow_Annotation_SOP_QA_v1.0.docx,03_Data_Golden_Dataset/Uroflow_Annotation_SOP_QA_v1.0.docx,03_Data_Golden_Dataset,Data Manager,1.0,Ready,,,,Y,03_Data_Golden_Dataset/Uroflow_Annotation_SOP_QA_v1.0.docx,Uroflow_Annotation_SOP_QA_v1.0.docx:df2cb583cecc,2026-02-24 15:28:42Z
DHF-041,Uroflow_Dataset_Card_Template_v1.0_RU.docx,03_Data_Golden_Dataset/Uroflow_Dataset_Card_Template_v1.0_RU.docx,03_Data_Golden_Dataset,Data Manager,1.0,Template,,,,Y,03_Data_Golden_Dataset/Uroflow_Dataset_Card_Template_v1.0_RU.docx,Uroflow_Dataset_Card_Template_v1.0_RU.docx:b83d0257ef9c,2026-02-24 15:28:42Z
DHF-042,Uroflow_Golden_Dataset_Plan_v1.0_RU.docx,03_Data_Golden_Dataset/Uroflow_Golden_Dataset_Plan_v1.0_RU.docx,03_Data_Golden_Dataset,Data Manager,1.0,Plan,,,,Y,03_Data_Golden_Dataset/Uroflow_Golden_Dataset_Plan_v1.0_RU.docx,Uroflow_Golden_Dataset_Plan_v1.0_RU.docx:c86802b7b160,2026-02-24 15:28:42Z
DHF-043,Uroflow_Golden_Dataset_Schema_v1.0.xlsx,03_Data_Golden_Dataset/Uroflow_Golden_Dataset_Schema_v1.0.xlsx,03_Data_Golden_Dataset,Data Manager,1.0,Ready,,,,Y,03_Data_Golden_Dataset/Uroflow_Golden_Dataset_Schema_v1.0.xlsx,Uroflow_Golden_Dataset_Schema_v1.0.xlsx:5703d313ea35,2026-02-24 15:28:42Z
DHF-044,Uroflow_Smartphone_Algorithm_and_Dataset_Spec_v1.0.docx,03_Data_Golden_Dataset/Uroflow_Smartphone_Algorithm_and_Dataset_Spec_v1.0.docx,03_Data_Golden_Dataset,Data Manager,1.0,Ready,,,,Y,03_Data_Golden_Dataset/Uroflow_Smartphone_Algorithm_and_Dataset_Spec_v1.0.docx,Uroflow_Smartphone_Algorithm_and_Dataset_Spec_v1.0.docx:b33eac1167a9,2026-02-24 15:28:42Z
DHF-045,Uroflow_Bench_and_Dataset_Templates_v1.0.xlsx,04_Bench_Testing/Uroflow_Bench_and_Dataset_Templates_v1.0.xlsx,04_Bench_Testing,Engineering,1.0,Template,,,,Y,04_Bench_Testing/Uroflow_Bench_and_Dataset_Templates_v1.0.xlsx,Uroflow_Bench_and_Dataset_Templates_v1.0.xlsx:cab7c154cef3,2026-02-24 15:28:42Z
DHF-046,Uroflow_Bench_BOM_and_Wiring_v1.0.xlsx,04_Bench_Testing/Uroflow_Bench_BOM_and_Wiring_v1.0.xlsx,04_Bench_Testing,Engineering,1.0,Ready,,,,Y,04_Bench_Testing/Uroflow_Bench_BOM_and_Wiring_v1.0.xlsx,Uroflow_Bench_BOM_and_Wiring_v1.0.xlsx:cef71bca0982,2026-02-24 15:28:42Z
DHF-047,Uroflow_Bench_BOM_Variants_v0.2.xlsx,04_Bench_Testing/Uroflow_Bench_BOM_Variants_v0.2.xlsx,04_Bench_Testing,Engineering,0.2,Ready,,,,Y,04_Bench_Testing/Uroflow_Bench_BOM_Variants_v0.2.xlsx,Uroflow_Bench_BOM_Variants_v0.2.xlsx:2df58047e9fc,2026-02-24 15:28:42Z
DHF-048,Uroflow_Bench_SOP_BOM_v0.2.docx,04_Bench_Testing/Uroflow_Bench_SOP_BOM_v0.2.docx,04_Bench_Testing,Engineering,0.2,Ready,,,,Y,04_Bench_Testing/Uroflow_Bench_SOP_BOM_v0.2.docx,Uroflow_Bench_SOP_BOM_v0.2.docx:b67e894e94dc,2026-02-24 15:28:42Z
DHF-049,Uroflow_Bench_SOP_BOM_v1.0.docx,04_Bench_Testing/Uroflow_Bench_SOP_BOM_v1.0.docx,04_Bench_Testing,Engineering,1.0,Ready,,,,Y,04_Bench_Testing/Uroflow_Bench_SOP_BOM_v1.0.docx,Uroflow_Bench_SOP_BOM_v1.0.docx:e886e8062d45,2026-02-24 15:28:42Z
DHF-050,Uroflow_Regression_Suite_v1.0.xlsx,04_Bench_Testing/Uroflow_Regression_Suite_v1.0.xlsx,04_Bench_Testing,Engineering,1.0,Ready,,,,Y,04_Bench_Testing/Uroflow_Regression_Suite_v1.0.xlsx,Uroflow_Regression_Suite_v1.0.xlsx:b118100e588c,2026-02-24 15:28:42Z
DHF-051,Uroflow_Clinical_Monitoring_Plan_v1.0_EN.docx,05_Clinical/Uroflow_Clinical_Monitoring_Plan_v1.0_EN.docx,05_Clinical,Clinical Ops,1.0,Plan,,,,Y,05_Clinical/Uroflow_Clinical_Monitoring_Plan_v1.0_EN.docx,Uroflow_Clinical_Monitoring_Plan_v1.0_EN.docx:d60866b27660,2026-02-24 15:28:42Z
DHF-052,Uroflow_Clinical_Monitoring_Plan_v1.0_RU.docx,05_Clinical/Uroflow_Clinical_Monitoring_Plan_v1.0_RU.docx,05_Clinical,Clinical Ops,1.0,Plan,,,,Y,05_Clinical/Uroflow_Clinical_Monitoring_Plan_v1.0_RU.docx,Uroflow_Clinical_Monitoring_Plan_v1.0_RU.docx:090d86e933d2,2026-02-24 15:28:42Z
DHF-053,Uroflow_Clinical_Pilot_Site_Startup_Package_v1.0_RU.docx,05_Clinical/Uroflow_Clinical_Pilot_Site_Startup_Package_v1.0_RU.docx,05_Clinical,Clinical Ops,1.0,Ready,,,,Y,05_Clinical/Uroflow_Clinical_Pilot_Site_Startup_Package_v1.0_RU.docx,Uroflow_Clinical_Pilot_Site_Startup_Package_v1.0_RU.docx:4c64018571ab,2026-02-24 15:28:42Z
DHF-054,Uroflow_Clinical_Protocol_v1.0_EN.docx,05_Clinical/Uroflow_Clinical_Protocol_v1.0_EN.docx,05_Clinical,Clinical Ops,1.0,Ready,,,,Y,05_Clinical/Uroflow_Clinical_Protocol_v1.0_EN.docx,Uroflow_Clinical_Protocol_v1.0_EN.docx:67577cf30bbf,2026-02-24 15:28:42Z
DHF-055,Uroflow_Clinical_Protocol_v1.0_RU.docx,05_Clinical/Uroflow_Clinical_Protocol_v1.0_RU.docx,05_Clinical,Clinical Ops,1.0,Ready,,,,Y,05_Clinical/Uroflow_Clinical_Protocol_v1.0_RU.docx,Uroflow_Clinical_Protocol_v1.0_RU.docx:6c41575c8933,2026-02-24 15:28:42Z
DHF-056,Uroflow_CSR_Authoring_Guide_v1.0_EN.docx,05_Clinical/Uroflow_CSR_Authoring_Guide_v1.0_EN.docx,05_Clinical,Clinical Ops,1.0,Ready,,,,Y,05_Clinical/Uroflow_CSR_Authoring_Guide_v1.0_EN.docx,Uroflow_CSR_Authoring_Guide_v1.0_EN.docx:eb9425b52bde,2026-02-24 15:28:42Z
DHF-057,Uroflow_CSR_Authoring_Guide_v1.0_RU.docx,05_Clinical/Uroflow_CSR_Authoring_Guide_v1.0_RU.docx,05_Clinical,Clinical Ops,1.0,Ready,,,,Y,05_Clinical/Uroflow_CSR_Authoring_Guide_v1.0_RU.docx,Uroflow_CSR_Authoring_Guide_v1.0_RU.docx:ecdb97bddf43,2026-02-24 15:28:42Z
DHF-058,Uroflow_CSR_Template_v1.0.docx,05_Clinical/Uroflow_CSR_Template_v1.0.docx,05_Clinical,Clinical Ops,1.0,Template,,,,Y,05_Clinical/Uroflow_CSR_Template_v1.0.docx,Uroflow_CSR_Template_v1.0.docx:68cbcdf360a4,2026-02-24 15:28:42Z
DHF-059,Uroflow_CSR_TFL_Workbook_v1.0.xlsx,05_Clinical/Uroflow_CSR_TFL_Workbook_v1.0.xlsx,05_Clinical,Clinical Ops,1.0,Ready,,,,Y,05_Clinical/Uroflow_CSR_TFL_Workbook_v1.0.xlsx,Uroflow_CSR_TFL_Workbook_v1.0.xlsx:e1f72aa447c3,2026-02-24 15:28:42Z
DHF-060,Uroflow_CSR_TFL_Workbook_v1.0_nocharts.xlsx,05_Clinical/Uroflow_CSR_TFL_Workbook_v1.0_nocharts.xlsx,05_Clinical,Clinical Ops,1.0,Ready,,,,Y,05_Clinical/Uroflow_CSR_TFL_Workbook_v1.0_nocharts.xlsx,Uroflow_CSR_TFL_Workbook_v1.0_nocharts.xlsx:e5744549477b,2026-02-24 15:28:42Z
DHF-061,Uroflow_Ethics_Submission_Cover_Letter_v1.0_RU.docx,05_Clinical/Uroflow_Ethics_Submission_Cover_Letter_v1.0_RU.docx,05_Clinical,Clinical Ops,1.0,Ready,,,,Y,05_Clinical/Uroflow_Ethics_Submission_Cover_Letter_v1.0_RU.docx,Uroflow_Ethics_Submission_Cover_Letter_v1.0_RU.docx:f487f0eff27f,2026-02-24 15:28:42Z
DHF-062,Uroflow_ICF_PIS_v1.0_EN.docx,05_Clinical/Uroflow_ICF_PIS_v1.0_EN.docx,05_Clinical,Clinical Ops,1.0,Ready,,,,Y,05_Clinical/Uroflow_ICF_PIS_v1.0_EN.docx,Uroflow_ICF_PIS_v1.0_EN.docx:d6c2842c1e96,2026-02-24 15:28:42Z
DHF-063,Uroflow_ICF_PIS_v1.0_RU.docx,05_Clinical/Uroflow_ICF_PIS_v1.0_RU.docx,05_Clinical,Clinical Ops,1.0,Ready,,,,Y,05_Clinical/Uroflow_ICF_PIS_v1.0_RU.docx,Uroflow_ICF_PIS_v1.0_RU.docx:72b3626ef8e0,2026-02-24 15:28:42Z
DHF-064,Uroflow_P0_Pilot_Readiness_DR2_GoNoGo_v1.0_RU.docx,05_Clinical/Uroflow_P0_Pilot_Readiness_DR2_GoNoGo_v1.0_RU.docx,05_Clinical,Clinical Ops,1.0,Ready,,,,Y,05_Clinical/Uroflow_P0_Pilot_Readiness_DR2_GoNoGo_v1.0_RU.docx,Uroflow_P0_Pilot_Readiness_DR2_GoNoGo_v1.0_RU.docx:061b2f5f4cc8,2026-02-24 15:28:42Z
DHF-065,Uroflow_P0_Pilot_Readiness_Evidence_Manifest_v1.0.xlsx,05_Clinical/Uroflow_P0_Pilot_Readiness_Evidence_Manifest_v1.0.xlsx,05_Clinical,Clinical Ops,1.0,Ready,,,,Y,05_Clinical/Uroflow_P0_Pilot_Readiness_Evidence_Manifest_v1.0.xlsx,Uroflow_P0_Pilot_Readiness_Evidence_Manifest_v1.0.xlsx:45ffb1865c31,2026-02-24 15:28:42Z
DHF-066,Uroflow_Pilot_Config_Freeze_Record_v1.0_RU.docx,05_Clinical/Uroflow_Pilot_Config_Freeze_Record_v1.0_RU.docx,05_Clinical,Clinical Ops,1.0,Ready,,,,Y,05_Clinical/Uroflow_Pilot_Config_Freeze_Record_v1.0_RU.docx,Uroflow_Pilot_Config_Freeze_Record_v1.0_RU.docx:41fcea07c327,2026-02-24 15:28:42Z
DHF-067,Uroflow_Pilot_DryRun_End2End_Report_v1.0_RU.docx,05_Clinical/Uroflow_Pilot_DryRun_End2End_Report_v1.0_RU.docx,05_Clinical,Clinical Ops,1.0,Ready,,,,Y,05_Clinical/Uroflow_Pilot_DryRun_End2End_Report_v1.0_RU.docx,Uroflow_Pilot_DryRun_End2End_Report_v1.0_RU.docx:21b39459cd3f,2026-02-24 15:28:42Z
DHF-068,Uroflow_Pilot_Site_Logs_and_Checklists_v1.0.xlsx,05_Clinical/Uroflow_Pilot_Site_Logs_and_Checklists_v1.0.xlsx,05_Clinical,Clinical Ops,1.0,Ready (tracker),,,,Y,05_Clinical/Uroflow_Pilot_Site_Logs_and_Checklists_v1.0.xlsx,Uroflow_Pilot_Site_Logs_and_Checklists_v1.0.xlsx:965ac251bd8f,2026-02-24 15:28:42Z
DHF-069,Uroflow_Recruitment_Materials_v1.0_RU.docx,05_Clinical/Uroflow_Recruitment_Materials_v1.0_RU.docx,05_Clinical,Clinical Ops,1.0,Ready,,,,Y,05_Clinical/Uroflow_Recruitment_Materials_v1.0_RU.docx,Uroflow_Recruitment_Materials_v1.0_RU.docx:475b93d3a060,2026-02-24 15:28:42Z
DHF-070,Uroflow_SAP_MethodComparison_v1.0.docx,05_Clinical/Uroflow_SAP_MethodComparison_v1.0.docx,05_Clinical,Clinical Ops,1.0,Ready,,,,Y,05_Clinical/Uroflow_SAP_MethodComparison_v1.0.docx,Uroflow_SAP_MethodComparison_v1.0.docx:1b53112c6842,2026-02-24 15:28:42Z
DHF-071,Uroflow_Smartphone_Design_Clinical_Package_v1.0.docx,05_Clinical/Uroflow_Smartphone_Design_Clinical_Package_v1.0.docx,05_Clinical,Clinical Ops,1.0,Ready,,,,Y,05_Clinical/Uroflow_Smartphone_Design_Clinical_Package_v1.0.docx,Uroflow_Smartphone_Design_Clinical_Package_v1.0.docx:0396f64f1bfd,2026-02-24 15:28:42Z
DHF-072,Uroflow_EU_MDR_Clinical_Evaluation_Plan_CEP_v1.0_EN.docx,06_EU_MDR/Uroflow_EU_MDR_Clinical_Evaluation_Plan_CEP_v1.0_EN.docx,06_EU_MDR,RA Lead,1.0,Plan,,,,Y,06_EU_MDR/Uroflow_EU_MDR_Clinical_Evaluation_Plan_CEP_v1.0_EN.docx,Uroflow_EU_MDR_Clinical_Evaluation_Plan_CEP_v1.0_EN.docx:99dbcf61b465,2026-02-24 15:28:42Z
DHF-073,Uroflow_EU_MDR_Clinical_Evaluation_Plan_CEP_v1.0_RU.docx,06_EU_MDR/Uroflow_EU_MDR_Clinical_Evaluation_Plan_CEP_v1.0_RU.docx,06_EU_MDR,RA Lead,1.0,Plan,,,,Y,06_EU_MDR/Uroflow_EU_MDR_Clinical_Evaluation_Plan_CEP_v1.0_RU.docx,Uroflow_EU_MDR_Clinical_Evaluation_Plan_CEP_v1.0_RU.docx:444c9163a63b,2026-02-24 15:28:42Z
DHF-074,Uroflow_EU_MDR_Clinical_Evaluation_Report_CER_v1.0_EN.docx,06_EU_MDR/Uroflow_EU_MDR_Clinical_Evaluation_Report_CER_v1.0_EN.docx,06_EU_MDR,RA Lead,1.0,Ready,,,,Y,06_EU_MDR/Uroflow_EU_MDR_Clinical_Evaluation_Report_CER_v1.0_EN.docx,Uroflow_EU_MDR_Clinical_Evaluation_Report_CER_v1.0_EN.docx:65f22e837fce,2026-02-24 15:28:42Z
DHF-075,Uroflow_EU_MDR_Clinical_Evaluation_Report_CER_v1.0_RU.docx,06_EU_MDR/Uroflow_EU_MDR_Clinical_Evaluation_Report_CER_v1.0_RU.docx,06_EU_MDR,RA Lead,1.0,Ready,,,,Y,06_EU_MDR/Uroflow_EU_MDR_Clinical_Evaluation_Report_CER_v1.0_RU.docx,Uroflow_EU_MDR_Clinical_Evaluation_Report_CER_v1.0_RU.docx:db1eb2d4543b,2026-02-24 15:28:42Z
DHF-076,Uroflow_EU_MDR_Design_and_Manufacturing_Information_v1.0_EN.docx,06_EU_MDR/Uroflow_EU_MDR_Design_and_Manufacturing_Information_v1.0_EN.docx,06_EU_MDR,RA Lead,1.0,Ready,,,,Y,06_EU_MDR/Uroflow_EU_MDR_Design_and_Manufacturing_Information_v1.0_EN.docx,Uroflow_EU_MDR_Design_and_Manufacturing_Information_v1.0_EN.docx:0d9bf0765c73,2026-02-24 15:28:42Z
DHF-077,Uroflow_EU_MDR_Device_Description_and_Specification_v1.0_EN.docx,06_EU_MDR/Uroflow_EU_MDR_Device_Description_and_Specification_v1.0_EN.docx,06_EU_MDR,RA Lead,1.0,Ready,,,,Y,06_EU_MDR/Uroflow_EU_MDR_Device_Description_and_Specification_v1.0_EN.docx,Uroflow_EU_MDR_Device_Description_and_Specification_v1.0_EN.docx:c9de4decfa46,2026-02-24 15:28:42Z
DHF-078,Uroflow_EU_MDR_GSPR_Checklist_AnnexI_v1.0.xlsx,06_EU_MDR/Uroflow_EU_MDR_GSPR_Checklist_AnnexI_v1.0.xlsx,06_EU_MDR,RA Lead,1.0,Ready (tracker),,,,Y,06_EU_MDR/Uroflow_EU_MDR_GSPR_Checklist_AnnexI_v1.0.xlsx,Uroflow_EU_MDR_GSPR_Checklist_AnnexI_v1.0.xlsx:085a6793d7b0,2026-02-24 15:28:42Z
DHF-079,Uroflow_EU_MDR_Literature_Extraction_Sheet_v1.0.xlsx,06_EU_MDR/Uroflow_EU_MDR_Literature_Extraction_Sheet_v1.0.xlsx,06_EU_MDR,RA Lead,1.0,Ready,,,,Y,06_EU_MDR/Uroflow_EU_MDR_Literature_Extraction_Sheet_v1.0.xlsx,Uroflow_EU_MDR_Literature_Extraction_Sheet_v1.0.xlsx:5e41ad297396,2026-02-24 15:28:42Z
DHF-080,Uroflow_EU_MDR_Literature_Search_Protocol_LSP_v1.0_EN.docx,06_EU_MDR/Uroflow_EU_MDR_Literature_Search_Protocol_LSP_v1.0_EN.docx,06_EU_MDR,RA Lead,1.0,Ready,,,,Y,06_EU_MDR/Uroflow_EU_MDR_Literature_Search_Protocol_LSP_v1.0_EN.docx,Uroflow_EU_MDR_Literature_Search_Protocol_LSP_v1.0_EN.docx:0a38f30aff71,2026-02-24 15:28:42Z
DHF-081,Uroflow_EU_MDR_Software_Architecture_Description_v1.0_EN.docx,06_EU_MDR/Uroflow_EU_MDR_Software_Architecture_Description_v1.0_EN.docx,06_EU_MDR,RA Lead,1.0,Ready,,,,Y,06_EU_MDR/Uroflow_EU_MDR_Software_Architecture_Description_v1.0_EN.docx,Uroflow_EU_MDR_Software_Architecture_Description_v1.0_EN.docx:214f13942945,2026-02-24 15:28:42Z
DHF-082,Uroflow_EU_MDR_Technical_Documentation_AnnexII_III_Pack_v1.0_EN.docx,06_EU_MDR/Uroflow_EU_MDR_Technical_Documentation_AnnexII_III_Pack_v1.0_EN.docx,06_EU_MDR,RA Lead,1.0,Ready,,,,Y,06_EU_MDR/Uroflow_EU_MDR_Technical_Documentation_AnnexII_III_Pack_v1.0_EN.docx,Uroflow_EU_MDR_Technical_Documentation_AnnexII_III_Pack_v1.0_EN.docx:e9bcca5f0e67,2026-02-24 15:28:42Z
DHF-083,Uroflow_EU_MDR_Technical_File_Index_AnnexII_III_v1.0.xlsx,06_EU_MDR/Uroflow_EU_MDR_Technical_File_Index_AnnexII_III_v1.0.xlsx,06_EU_MDR,RA Lead,1.0,Ready (tracker),,,,Y,06_EU_MDR/Uroflow_EU_MDR_Technical_File_Index_AnnexII_III_v1.0.xlsx,Uroflow_EU_MDR_Technical_File_Index_AnnexII_III_v1.0.xlsx:7e93770589a7,2026-02-24 15:28:42Z
DHF-084,Uroflow_EU_SoUP_Register_v1.0.xlsx,06_EU_MDR/Uroflow_EU_SoUP_Register_v1.0.xlsx,06_EU_MDR,RA Lead,1.0,Ready,,,,Y,06_EU_MDR/Uroflow_EU_SoUP_Register_v1.0.xlsx,Uroflow_EU_SoUP_Register_v1.0.xlsx:5e729eda28a3,2026-02-24 15:28:42Z
DHF-085,Uroflow_PMS_Plan_EU_MDR_AnnexIII_v1.0_RU.docx,06_EU_MDR/Uroflow_PMS_Plan_EU_MDR_AnnexIII_v1.0_RU.docx,06_EU_MDR,RA Lead,1.0,Plan,,,,Y,06_EU_MDR/Uroflow_PMS_Plan_EU_MDR_AnnexIII_v1.0_RU.docx,Uroflow_PMS_Plan_EU_MDR_AnnexIII_v1.0_RU.docx:6cfffc947662,2026-02-24 15:28:42Z
DHF-086,Uroflow_FDA_Cybersecurity_Submission_Package_v1.0_EN.docx,07_US_FDA/Uroflow_FDA_Cybersecurity_Submission_Package_v1.0_EN.docx,07_US_FDA,RA Lead,1.0,Ready,,,,Y,07_US_FDA/Uroflow_FDA_Cybersecurity_Submission_Package_v1.0_EN.docx,Uroflow_FDA_Cybersecurity_Submission_Package_v1.0_EN.docx:340aca189cfb,2026-02-24 15:28:42Z
DHF-087,Uroflow_FDA_Software_Documentation_Bundle_v1.0_EN.docx,07_US_FDA/Uroflow_FDA_Software_Documentation_Bundle_v1.0_EN.docx,07_US_FDA,RA Lead,1.0,Ready,,,,Y,07_US_FDA/Uroflow_FDA_Software_Documentation_Bundle_v1.0_EN.docx,Uroflow_FDA_Software_Documentation_Bundle_v1.0_EN.docx:9a8f60a4d4e9,2026-02-24 15:28:42Z
DHF-088,Uroflow_FDA_Software_Documentation_Index_v1.0.xlsx,07_US_FDA/Uroflow_FDA_Software_Documentation_Index_v1.0.xlsx,07_US_FDA,RA Lead,1.0,Ready (tracker),,,,Y,07_US_FDA/Uroflow_FDA_Software_Documentation_Index_v1.0.xlsx,Uroflow_FDA_Software_Documentation_Index_v1.0.xlsx:3112a09757f2,2026-02-24 15:28:42Z
DHF-089,Uroflow_FDA_Software_Revision_History_Log_v1.0.xlsx,07_US_FDA/Uroflow_FDA_Software_Revision_History_Log_v1.0.xlsx,07_US_FDA,RA Lead,1.0,Ready,,,,Y,07_US_FDA/Uroflow_FDA_Software_Revision_History_Log_v1.0.xlsx,Uroflow_FDA_Software_Revision_History_Log_v1.0.xlsx:64dc3df99ada,2026-02-24 15:28:42Z
DHF-090,Uroflow_FDA_Unresolved_Anomalies_Log_v1.0.xlsx,07_US_FDA/Uroflow_FDA_Unresolved_Anomalies_Log_v1.0.xlsx,07_US_FDA,RA Lead,1.0,Ready,,,,Y,07_US_FDA/Uroflow_FDA_Unresolved_Anomalies_Log_v1.0.xlsx,Uroflow_FDA_Unresolved_Anomalies_Log_v1.0.xlsx:7ee008a87815,2026-02-24 15:28:42Z
DHF-091,Uroflow_Cybersecurity_Engineering_File_v1.0_RU.docx,08_Privacy_and_Security/Cybersecurity/Uroflow_Cybersecurity_Engineering_File_v1.0_RU.docx,08_Privacy_and_Security,Security/Privacy,1.0,Ready,,,,Y,08_Privacy_and_Security/Cybersecurity/Uroflow_Cybersecurity_Engineering_File_v1.0_RU.docx,Uroflow_Cybersecurity_Engineering_File_v1.0_RU.docx:477a8c9b0154,2026-02-24 15:28:42Z
DHF-092,Uroflow_SBOM_Template_v1.0.xlsx,08_Privacy_and_Security/Cybersecurity/Uroflow_SBOM_Template_v1.0.xlsx,08_Privacy_and_Security,Security/Privacy,1.0,Template,,,,Y,08_Privacy_and_Security/Cybersecurity/Uroflow_SBOM_Template_v1.0.xlsx,Uroflow_SBOM_Template_v1.0.xlsx:12de79d87f0a,2026-02-24 15:28:42Z
DHF-093,Uroflow_Security_Test_Checklist_and_Regression_v1.0.xlsx,08_Privacy_and_Security/Cybersecurity/Uroflow_Security_Test_Checklist_and_Regression_v1.0.xlsx,08_Privacy_and_Security,Security/Privacy,1.0,Ready (tracker),,,,Y,08_Privacy_and_Security/Cybersecurity/Uroflow_Security_Test_Checklist_and_Regression_v1.0.xlsx,Uroflow_Security_Test_Checklist_and_Regression_v1.0.xlsx:5798b235e573,2026-02-24 15:28:42Z
DHF-094,Uroflow_Security_Test_Report_Template_v1.0_RU.docx,08_Privacy_and_Security/Cybersecurity/Uroflow_Security_Test_Report_Template_v1.0_RU.docx,08_Privacy_and_Security,Security/Privacy,1.0,Template,,,,Y,08_Privacy_and_Security/Cybersecurity/Uroflow_Security_Test_Report_Template_v1.0_RU.docx,Uroflow_Security_Test_Report_Template_v1.0_RU.docx:3ebfaf438ca2,2026-02-24 15:28:42Z
DHF-095,Uroflow_Threat_Model_STRIDE_v1.0.xlsx,08_Privacy_and_Security/Cybersecurity/Uroflow_Threat_Model_STRIDE_v1.0.xlsx,08_Privacy_and_Security,Security/Privacy,1.0,Ready,,,,Y,08_Privacy_and_Security/Cybersecurity/Uroflow_Threat_Model_STRIDE_v1.0.xlsx,Uroflow_Threat_Model_STRIDE_v1.0.xlsx:68a107cb1751,2026-02-24 15:28:42Z
DHF-096,Uroflow_Vulnerability_Disclosure_and_Incident_Response_v1.0_RU.docx,08_Privacy_and_Security/Cybersecurity/Uroflow_Vulnerability_Disclosure_and_Incident_Response_v1.0_RU.docx,08_Privacy_and_Security,Security/Privacy,1.0,Ready,,,,Y,08_Privacy_and_Security/Cybersecurity/Uroflow_Vulnerability_Disclosure_and_Incident_Response_v1.0_RU.docx,Uroflow_Vulnerability_Disclosure_and_Incident_Response_v1.0_RU.docx:f0d0231b6956,2026-02-24 15:28:42Z
DHF-097,Uroflow_Data_Privacy_Architecture_v1.0_EN.docx,08_Privacy_and_Security/Privacy/Uroflow_Data_Privacy_Architecture_v1.0_EN.docx,08_Privacy_and_Security,Security/Privacy,1.0,Ready,,,,Y,08_Privacy_and_Security/Privacy/Uroflow_Data_Privacy_Architecture_v1.0_EN.docx,Uroflow_Data_Privacy_Architecture_v1.0_EN.docx:df6c2693333b,2026-02-24 15:28:42Z
DHF-098,Uroflow_Data_Privacy_Architecture_v1.0_RU.docx,08_Privacy_and_Security/Privacy/Uroflow_Data_Privacy_Architecture_v1.0_RU.docx,08_Privacy_and_Security,Security/Privacy,1.0,Ready,,,,Y,08_Privacy_and_Security/Privacy/Uroflow_Data_Privacy_Architecture_v1.0_RU.docx,Uroflow_Data_Privacy_Architecture_v1.0_RU.docx:3f94875f28b4,2026-02-24 15:28:42Z
DHF-099,Uroflow_DPIA_GDPR_v1.0_EN.docx,08_Privacy_and_Security/Privacy/Uroflow_DPIA_GDPR_v1.0_EN.docx,08_Privacy_and_Security,Security/Privacy,1.0,Ready,,,,Y,08_Privacy_and_Security/Privacy/Uroflow_DPIA_GDPR_v1.0_EN.docx,Uroflow_DPIA_GDPR_v1.0_EN.docx:d0f3ceaf0e75,2026-02-24 15:28:42Z
DHF-100,Uroflow_PIPL_SensitivePI_Checklist_v1.0_EN.docx,08_Privacy_and_Security/Privacy/Uroflow_PIPL_SensitivePI_Checklist_v1.0_EN.docx,08_Privacy_and_Security,Security/Privacy,1.0,Ready (tracker),,,,Y,08_Privacy_and_Security/Privacy/Uroflow_PIPL_SensitivePI_Checklist_v1.0_EN.docx,Uroflow_PIPL_SensitivePI_Checklist_v1.0_EN.docx:1443619d9137,2026-02-24 15:28:42Z
DHF-101,Uroflow_Privacy_Compliance_Workbook_v1.0.xlsx,08_Privacy_and_Security/Privacy/Uroflow_Privacy_Compliance_Workbook_v1.0.xlsx,08_Privacy_and_Security,Security/Privacy,1.0,Ready,,,,Y,08_Privacy_and_Security/Privacy/Uroflow_Privacy_Compliance_Workbook_v1.0.xlsx,Uroflow_Privacy_Compliance_Workbook_v1.0.xlsx:66b9c16eb4d3,2026-02-24 15:28:42Z
DHF-102,Uroflow_RU_152FZ_Data_Localization_Compliance_Note_v1.0_RU.docx,08_Privacy_and_Security/Privacy/Uroflow_RU_152FZ_Data_Localization_Compliance_Note_v1.0_RU.docx,08_Privacy_and_Security,Security/Privacy,1.0,Ready,,,,Y,08_Privacy_and_Security/Privacy/Uroflow_RU_152FZ_Data_Localization_Compliance_Note_v1.0_RU.docx,Uroflow_RU_152FZ_Data_Localization_Compliance_Note_v1.0_RU.docx:311c194a640e,2026-02-24 15:28:42Z
DHF-103,Uroflow_HFE_Observation_Forms_and_Questionnaires_v1.0.xlsx,09_HFE_Usability/Uroflow_HFE_Observation_Forms_and_Questionnaires_v1.0.xlsx,09_HFE_Usability,HFE,1.0,Ready,,,,Y,09_HFE_Usability/Uroflow_HFE_Observation_Forms_and_Questionnaires_v1.0.xlsx,Uroflow_HFE_Observation_Forms_and_Questionnaires_v1.0.xlsx:e04ec98b4d6a,2026-02-24 15:28:42Z
DHF-104,Uroflow_HFE_Summative_Validation_Plan_v1.0_RU.docx,09_HFE_Usability/Uroflow_HFE_Summative_Validation_Plan_v1.0_RU.docx,09_HFE_Usability,HFE,1.0,Plan,,,,Y,09_HFE_Usability/Uroflow_HFE_Summative_Validation_Plan_v1.0_RU.docx,Uroflow_HFE_Summative_Validation_Plan_v1.0_RU.docx:2a2cd212f067,2026-02-24 15:28:42Z
DHF-105,Uroflow_HFE_Summative_Validation_Report_Template_v1.0_RU.docx,09_HFE_Usability/Uroflow_HFE_Summative_Validation_Report_Template_v1.0_RU.docx,09_HFE_Usability,HFE,1.0,Template,,,,Y,09_HFE_Usability/Uroflow_HFE_Summative_Validation_Report_Template_v1.0_RU.docx,Uroflow_HFE_Summative_Validation_Report_Template_v1.0_RU.docx:9bfccd73bd0b,2026-02-24 15:28:42Z
DHF-106,Uroflow_HFE_Usability_Engineering_File_v1.0_RU.docx,09_HFE_Usability/Uroflow_HFE_Usability_Engineering_File_v1.0_RU.docx,09_HFE_Usability,HFE,1.0,Ready,,,,Y,09_HFE_Usability/Uroflow_HFE_Usability_Engineering_File_v1.0_RU.docx,Uroflow_HFE_Usability_Engineering_File_v1.0_RU.docx:f1b309db5079,2026-02-24 15:28:42Z
DHF-107,Uroflow_HFE_Use_Related_Risk_Analysis_URRA_v1.0.xlsx,09_HFE_Usability/Uroflow_HFE_Use_Related_Risk_Analysis_URRA_v1.0.xlsx,09_HFE_Usability,HFE,1.0,Ready,,,,Y,09_HFE_Usability/Uroflow_HFE_Use_Related_Risk_Analysis_URRA_v1.0.xlsx,Uroflow_HFE_Use_Related_Risk_Analysis_URRA_v1.0.xlsx:aaa7e7df9956,2026-02-24 15:28:42Z
